{
	"format_version": "1.8.0",
	"animations": {
		"animation.tremorosaurus.ground_idle": {
			"loop": true,
			"animation_length": 2,
			"bones": {
				"body": {
					"rotation": {
						"0.0": [0, 0, 0],
						"1.0": [-5, 0, 0],
						"2.0": [0, 0, 0]
					},
					"position": {
						"0.0": [0, 0, 0],
						"1.0": [0, 2, 0],
						"2.0": [0, 0, 0]
					}
				},
				"leftarm": {
					"rotation": {
						"0.0": [0, 0, 0],
						"1.0": [12.5, 0, 0],
						"2.0": [0, 0, 0]
					}
				},
				"rightarm": {
					"rotation": {
						"0.0": [0, 0, 0],
						"1.0": [12.5, 0, 0],
						"2.0": [0, 0, 0]
					}
				},
				"neck1": {
					"rotation": {
						"0.0": [0, 0, 0],
						"1.0": [10, 0, 0],
						"2.0": [0, 0, 0]
					}
				},
				"leftlegback": {
					"rotation": {
						"0.0": [0, 0, 0],
						"1.0": [5, 0, 0],
						"2.0": [0, 0, 0]
					}
				},
				"rightlegback": {
					"rotation": {
						"0.0": [0, 0, 0],
						"1.0": [5, 0, 0],
						"2.0": [0, 0, 0]
					}
				},
				"tail1": {
					"rotation": {
						"0.0": [0, 10, 0],
						"0.5": [5.05771, -4.94422, 1.29739],
						"1.0": [0, -10, 0],
						"1.5": [5.05771, 4.94422, -1.29739],
						"2.0": [0, 10, 0]
					}
				},
				"tail2": {
					"rotation": {
						"0.0": [-5.18664, 9.76061, -2.18558],
						"0.5": [-5.18664, 9.76061, -2.18558],
						"1.0": [-5.18664, -9.76061, 2.18558],
						"1.5": [-5.18664, -9.76061, 2.18558],
						"2.0": [-5.18664, 9.76061, -2.18558]
					}
				},
				"tail3": {
					"rotation": {
						"0.0": [-5.18664, 9.76061, -2.18558],
						"0.5": [-5.18664, 9.76061, -2.18558],
						"1.0": [-5.18664, -9.76061, 2.18558],
						"1.5": [-5.18664, -9.76061, 2.18558],
						"2.0": [-5.18664, 9.76061, -2.18558]
					}
				}
			}
		},
		"animation.tremorosaurus.ground_walk": {
			"loop": true,
			"animation_length": 2,
			"bones": {
				"body": {
					"rotation": {
						"0.0": [0, -5, 0],
						"1.0": [0, 5, 0],
						"2.0": [0, -5, 0]
					},
					"position": {
						"0.0": [0, 0, 0],
						"1.0": [0, 2, 0],
						"2.0": [0, 0, 0]
					}
				},
				"leftarm": {
					"rotation": {
						"0.0": [0, 0, 0],
						"1.0": [12.5, 0, 0],
						"2.0": [0, 0, 0]
					}
				},
				"rightarm": {
					"rotation": {
						"0.0": [0, 0, 0],
						"1.0": [12.5, 0, 0],
						"2.0": [0, 0, 0]
					}
				},
				"neck1": {
					"rotation": {
						"0.0": [9.77926, 9.65594, -2.61298],
						"1.0": [9.77926, -9.65594, 2.61298],
						"2.0": [9.77926, 9.65594, -2.61298]
					}
				},
				"leftlegback": {
					"rotation": {
						"0.0": [-32.5, 0, 0],
						"0.5": [2.5, 0, 0],
						"1.0": [37.5, 0, 0],
						"1.5": [-10, 0, 0],
						"2.0": [-32.5, 0, 0]
					}
				},
				"rightlegback": {
					"rotation": {
						"0.0": [37.5, 0, 0],
						"0.5": [-10, 0, 0],
						"1.0": [-32.5, 0, 0],
						"1.5": [2.5, 0, 0],
						"2.0": [37.5, 0, 0]
					}
				},
				"tail1": {
					"rotation": {
						"0.0": [0, 10, 0],
						"0.5": [5.05771, -4.94422, 1.29739],
						"1.0": [0, -10, 0],
						"1.5": [5.05771, 4.94422, -1.29739],
						"2.0": [0, 10, 0]
					}
				},
				"tail2": {
					"rotation": {
						"0.0": [-5.18664, 9.76061, -2.18558],
						"0.5": [-5.18664, 9.76061, -2.18558],
						"1.0": [-5.18664, -9.76061, 2.18558],
						"1.5": [-5.18664, -9.76061, 2.18558],
						"2.0": [-5.18664, 9.76061, -2.18558]
					}
				},
				"tail3": {
					"rotation": {
						"0.0": [-5.18664, 9.76061, -2.18558],
						"0.5": [-5.18664, 9.76061, -2.18558],
						"1.0": [-5.18664, -9.76061, 2.18558],
						"1.5": [-5.18664, -9.76061, 2.18558],
						"2.0": [-5.18664, 9.76061, -2.18558]
					}
				},
				"leftlegback2": {
					"rotation": {
						"0.0": [-10, 0, 0],
						"0.5": [-10, 0, 0],
						"1.0": [0, 0, 0],
						"1.5": [37.5, 0, 0],
						"2.0": [-10, 0, 0]
					},
					"position": {
						"0.0": [0, 1, 3],
						"0.5": [0, 1, 3],
						"1.0": [0, 0, 0],
						"1.5": [0, 3, 3],
						"2.0": [0, 1, 3]
					}
				},
				"bone5": {
					"rotation": {
						"0.0": [5, 0, 0],
						"0.5": [0, 0, 0],
						"1.0": [0, 0, 0],
						"1.5": [-47.5, 0, 0],
						"2.0": [5, 0, 0]
					}
				},
				"bone6": {
					"rotation": {
						"0.0": [52.5, 0, 0],
						"0.5": [10, 0, 0],
						"1.0": [0, 0, 0],
						"1.5": [52.5, 0, 0],
						"2.0": [52.5, 0, 0]
					},
					"position": {
						"0.0": [0, 1, 1],
						"1.0": [0, 0, 0],
						"1.5": [0, 1, 1],
						"2.0": [0, 1, 1]
					}
				},
				"rightlegback2": {
					"rotation": {
						"0.0": [0, 0, 0],
						"0.5": [37.5, 0, 0],
						"1.0": [-10, 0, 0],
						"1.5": [-10, 0, 0],
						"2.0": [0, 0, 0]
					},
					"position": {
						"0.0": [0, 0, 0],
						"0.5": [0, 3, 3],
						"1.0": [0, 1, 3],
						"1.5": [0, 1, 3],
						"2.0": [0, 0, 0]
					}
				},
				"bone7": {
					"rotation": {
						"0.0": [0, 0, 0],
						"0.5": [-47.5, 0, 0],
						"1.0": [5, 0, 0],
						"1.5": [0, 0, 0],
						"2.0": [0, 0, 0]
					}
				},
				"bone8": {
					"rotation": {
						"0.0": [0, 0, 0],
						"0.5": [52.5, 0, 0],
						"1.0": [52.5, 0, 0],
						"1.5": [10, 0, 0],
						"2.0": [0, 0, 0]
					},
					"position": {
						"0.0": [0, 0, 0],
						"0.5": [0, 1, 1],
						"1.0": [0, 1, 1],
						"2.0": [0, 0, 0]
					}
				}
			}
		},
		"animation.tremorosaurus.blink": {
			"animation_length": 0.16667,
			"bones": {
				"bone19": {
					"position": {
						"0.0": [0.5, 0, 0],
						"0.125": [0.5, 0, 0],
						"0.1667": [0, 0, 0]
					}
				},
				"bone20": {
					"position": {
						"0.0": [-0.5, 0, 0],
						"0.125": [-0.5, 0, 0],
						"0.1667": [0, 0, 0]
					}
				}
			}
		},
		"animation.tremorosaurus.faint": {
			"animation_length": 2,
			"bones": {
				"body": {
					"rotation": {
						"0.0": [0, 0, 0],
						"0.25": [0, 0, -7.5],
						"0.5": [0, 0, -40],
						"0.75": [0, 0, -90]
					},
					"position": {
						"0.0": [0, 0, 0],
						"0.25": [-2, 0, 0],
						"0.5": [-20, 0, 0],
						"0.75": [-28, -21, 0]
					}
				},
				"leftarm": {
					"rotation": {
						"0.5": [0, 0, 0],
						"0.75": [0, 0, 12.5]
					}
				},
				"neck1": {
					"rotation": {
						"0.0": [0, 0, 0],
						"0.25": [2.37622, -16.54682, -9.44947],
						"0.5": [-0.27529, -30.27189, -2.82961],
						"0.75": [1.30126, -23.44416, -6.31219],
						"0.9167": [3.29653, 4.32926, -17.93915]
					}
				},
				"head": {
					"rotation": {
						"0.5": [0, 0, 0],
						"0.9167": [1.11248, -0.84032, 13.80343]
					}
				},
				"bone19": {
					"position": {
						"0.5": [0, 0, 0],
						"0.5833": [0.5, 0, 0]
					}
				},
				"bone20": {
					"position": {
						"0.5": [0, 0, 0],
						"0.5833": [-0.5, 0, 0]
					}
				},
				"jaw": {
					"rotation": {
						"0.0": [0, 0, 0],
						"0.2917": [15, 0, 0],
						"0.75": [22.5, 0, 0],
						"1.0": [27.5, 0, 0],
						"1.1667": [20, 0, 0]
					}
				},
				"leftlegback": {
					"rotation": {
						"0.0": [0, 0, 0],
						"0.25": [0, 0, 10],
						"0.75": [0, 0, 17.5],
						"1.0": [0, 0, 27.5]
					}
				},
				"bone6": {
					"rotation": {
						"0.0": [0, 0, 0],
						"1.0": [32.5, 0, 0]
					},
					"position": {
						"0.0": [0, 0, 0],
						"1.0": [0, 0, 1]
					}
				},
				"tail1": {
					"rotation": {
						"0.25": [0, 0, 0],
						"0.5": [12.5, 0, 0],
						"0.75": [-25.23163, -6.13784, 4.31837],
						"1.0": [-30.23163, -6.13784, 4.31837]
					}
				},
				"tail2": {
					"rotation": {
						"0.25": [0, 0, 0],
						"0.5": [20, 0, 0],
						"0.6667": [20, 0, 0],
						"0.75": [-7.5, 0, 0],
						"1.0": [-20, 0, 0]
					}
				},
				"tail3": {
					"rotation": {
						"0.25": [0, 0, 0],
						"0.5": [22.5, 0, 0],
						"0.6667": [22.5, 0, 0],
						"0.75": [-20, 0, 0],
						"1.0": [-30, 0, 0]
					}
				}
			}
		},
		"animation.tremorosaurus.sleep": {
			"loop": true,
			"animation_length": 2,
			"bones": {
				"body": {
					"rotation": {
						"0.0": [-10, 0, 0],
						"1.0": [-12.5, 0, 0],
						"2.0": [-10, 0, 0]
					},
					"position": [0, -10, 0]
				},
				"bone11": {
					"rotation": [17.5, 0, 0]
				},