{
	"format_version": "1.8.0",
	"animations": {
		"animation.silvaspine.ground_idle": {
			"loop": true,
			"animation_length": 2,
			"bones": {
				"body": {
					"rotation": {
						"0.0": [0, 0, 0],
						"1.0": [5, 0, 0],
						"2.0": [0, 0, 0]
					},
					"position": {
						"0.0": [0, 0, 0],
						"1.0": [0, -1, 0],
						"2.0": [0, 0, 0]
					}
				},
				"rightbackleg": {
					"rotation": {
						"0.0": [0, 0, 0],
						"1.0": [-5, 0, 0],
						"2.0": [0, 0, 0]
					}
				},
				"leftbackleg": {
					"rotation": {
						"0.0": [0, 0, 0],
						"1.0": [-5, 0, 0],
						"2.0": [0, 0, 0]
					}
				},
				"tail1": {
					"rotation": {
						"0.0": [0, -17.5, 0],
						"0.5": [0, 10, 0],
						"1.0": [0, 17.5, 0],
						"1.5": [0, -10, 0],
						"2.0": [0, -17.5, 0]
					}
				},
				"tail2": {
					"rotation": {
						"0.0": [0, -7.5, 0],
						"0.5": [0, 7.5, 0],
						"1.0": [0, 7.5, 0],
						"1.5": [0, -7.5, 0],
						"2.0": [0, -7.5, 0]
					}
				},
				"tail3": {
					"rotation": {
						"0.0": [0, -7.5, 0],
						"0.5": [0, -20, 0],
						"1.0": [0, 7.5, 0],
						"1.5": [0, 20, 0],
						"2.0": [0, -7.5, 0]
					}
				},
				"tail4": {
					"rotation": {
						"0.0": [0, -7.5, 0],
						"0.5": [0, -32.5, 0],
						"1.0": [0, 7.5, 0],
						"1.5": [0, 32.5, 0],
						"2.0": [0, -7.5, 0]
					}
				},
				"tail5": {
					"rotation": {
						"0.0": [0, -7.5, 0],
						"0.5": [0, -25, 0],
						"1.0": [0, 7.5, 0],
						"1.5": [0, 25, 0],
						"2.0": [0, -7.5, 0]
					}
				},
				"bone": {
					"rotation": {
						"0.0": [0, -10, 0],
						"0.5": [0, -37.5, 0],
						"1.0": [0, 10, 0],
						"1.5": [0, 37.5, 0],
						"2.0": [0, -10, 0]
					}
				},
				"frontrightleg": {
					"rotation": [-7.5, 0, 0]
				},
				"fl2": {
					"rotation": [65, 0, 0]
				},
				"fl3": {
					"rotation": {
						"0.0": [-45, 0, 0],
						"1.0": [-62.39985, -1.16942, 1.65775],
						"2.0": [-45, 0, 0]
					}
				},
				"fl4": {
					"rotation": [35, 0, 0]
				},
				"fltoes1": {
					"rotation": [35, 0, 0]
				},
				"frontleftleg": {
					"rotation": {
						"0.0": [0, 0, 0],
						"1.0": [-7.5, 0, 0],
						"2.0": [0, 0, 0]
					}
				},
				"fl5": {
					"rotation": {
						"0.0": [0, 0, 0],
						"1.0": [12.5, 0, 0],
						"2.0": [0, 0, 0]
					}
				},
				"fl6": {
					"rotation": {
						"0.0": [0, 0, 0],
						"1.0": [-12.5, 0, 0],
						"2.0": [0, 0, 0]
					}
				},
				"fl7": {
					"rotation": {
						"0.0": [0, 0, 0],
						"1.0": [0, 0, 0],
						"2.0": [0, 0, 0]
					}
				},
				"neck1": {
					"rotation": {
						"0.0": [5, 0, 0],
						"0.5": [-2.5, 0, 0],
						"1.5": [7.5, 0, 0],
						"2.0": [5, 0, 0]
					}
				},
				"neck2": {
					"rotation": {
						"0.0": [7.5, 0, 0],
						"1.0": [0, 0, 0],
						"1.5": [0, 0, 0],
						"2.0": [7.5, 0, 0]
					}
				},
				"head": {
					"rotation": {
						"0.0": [12.5, 0, 0],
						"1.0": [0, 0, 0],
						"1.5": [0, 0, 0],
						"2.0": [12.5, 0, 0]
					}
				},
				"bottomjaw": {
					"rotation": {
						"0.0": [0, 0, 0],
						"1.0": [5, 0, 0],
						"2.0": [0, 0, 0]
					}
				},
				"spine": {
					"rotation": {
						"0.0": [0, 0, -10],
						"1.0": [0, 0, 10],
						"2.0": [0, 0, -10]
					}
				}
			}
		},
		"animation.silvaspine.blink": {
			"animation_length": 0.16667,
			"bones": {
				"righteye": {
					"position": {
						"0.0": [1, 0, 0],
						"0.0417": [1, 0, 0],
						"0.0833": [1, 0, 0],
						"0.125": [0, 0, 0],
						"0.1667": [0, 0, 0]
					}
				},
				"lefteye": {
					"position": {
						"0.0": [-1, 0, 0],
						"0.0417": [-1, 0, 0],
						"0.0833": [-1, 0, 0],
						"0.125": [0, 0, 0],
						"0.1667": [0, 0, 0]
					}
				}
			}
		},
		"animation.silvaspine.faint": {
			"animation_length": 2,
			"bones": {
				"body": {
					"rotation": {
						"0.0": [0, 0, 0],
						"0.5": [7.5, 0, 0]
					},
					"position": [0, -1, 0]
				},
				"rightbackleg": {
					"rotation": {
						"0.0": [0, 0, 0],
						"0.5": [-10, 0, 0]
					},
					"position": {
						"0.0": [0, 0, 0],
						"0.5": [0, -2, 0]
					}
				},
				"leftbackleg": {
					"rotation": {
						"0.0": [0, 0, 0],
						"0.5": [-10, 0, 0]
					},
					"position": {
						"0.0": [0, 0, 0],
						"0.5": [0, -2, 0]
					}
				},
				"tail1": {
					"rotation": {
						"0.0": [0, 0, 0],
						"0.5": [-17.5, 0, 0],
						"1.0": [-18.7424, -14.6914, 9.61518]
					}
				},
				"tail2": {
					"rotation": {
						"0.5": [0, 0, 0],
						"1.0": [0, -30, 0]
					}
				},
				"tail3": {
					"rotation": {
						"0.5": [0, 0, 0],
						"1.0": [0, -30, 0],
						"2.0": [0, -37.5, 0]
					}
				},
				"tail4": {
					"rotation": {
						"0.0": [0, 0, 0],
						"0.5": [10, 0, 0],
						"1.0": [12.06202, -22.9824, -10.11783],
						"2.0": [15.90086, -36.43129, -17.80232]
					}
				},
				"tail5": {
					"rotation": {
						"0.0": [0, 0, 0],
						"0.5": [22.5, 0, 0],
						"1.0": [25.14371, -34.05444, -8.61775],
						"1.5": [22.54487, 13.4393, 0.36548]
					}
				},
				"bone": {
					"rotation": {
						"0.5": [0, 0, 0],
						"1.0": [0, -42.5, 0],
						"1.5": [0, 25, 0]
					}
				},
				"frontrightleg": {
					"rotation": {
						"0.0": [0, 0, 0],
						"0.5": [-37.5, 0, 0]
					},
					"position": {
						"0.0": [0, 0, 0],
						"0.5": [0, 2, 0]
					}
				},
				"fl2": {
					"rotation": {
						"0.0": [0, 0, 0],
						"0.5": [72.5, 0, 0]
					}
				},
				"fl3": {
					"rotation": {
						"0.0": [0, 0, 0],
						"0.5": [-40, 0, 0]
					}
				},
				"fl4": {
					"rotation": {
						"0.0": [0, 0, 0],
						"0.5": [30, 0, 0]
					}
				},
				"frontleftleg": {
					"rotation": {
						"0.0": [0, 0, 0],
						"0.5": [-10, 0, 0]
					},
					"position": {
						"0.0": [0, 0, 0],
						"0.5": [0, 2, 0]
					}
				},
				"neck1": {
					"rotation": {
						"0.0": [0, 0, 0],
						"0.25": [35, 0, 0],
						"0.5": [57.5, 0, 0]
					}
				},
				"neck2": {
					"rotation": {
						"0.0": [0, 0, 0],
						"0.25": [-25, 0, 0],
						"0.5": [-47.5, 0, 0]
					}
				},
				"head": {
					"rotation": {
						"0.25": [0, 0, 0],
						"0.5": [-30, 0, 0]
					}
				},
				"righteye": {
					"position": {
						"0.625": [0, 0, 0],
						"0.6667": [1, 0, 0]
					}
				},
				"righteyebig": {
					"position": {
						"0.7083": [0, 0, 0],
						"0.75": [-3, 0, 0]
					}
				},
				"lefteye": {
					"position": {
						"0.625": [0, 0, 0],
						"0.6667": [-1, 0, 0]
					}
				},
				"spine": {
					"rotation": {
						"0.0": [0, 0, 0],
						"0.5": [-10, 0, 0]
					},
					"position": {
						"0.0": [0, 0, 0],
						"0.5": [0, -6, 0]
					}
				},
				"lefteyebig": {
					"position": {
						"0.7083": [0, 0, 0],
						"0.75": [3, 0, 0]
					}
				}
			}
		},
		"animation.silvaspine.ground_walk": {
			"loop": true,
			"animation_length": 2,
			"bones": {
				"body": {
					"rotation": {
						"0.0": [0, 10, 0],
						"1.0": [0, -10, 0],
						"2.0": [0, 10, 0]
					}
				},
				"rightbackleg": {
					"rotation": {
						"0.0": [40, 0, 0],
						"0.5": [-2.5, 0, 0],
						"1.0": [-17.5, 0, 0],
						"1.5": [2.5, 0, 0],
						"2.0": [40, 0, 0]
					}
				},
				"rightbackleg2": {
					"rotation": {
						"0.0": [-15, 0, 0],
						"0.5": [50, 0, 0],
						"1.0": [-20, 0, 0],
						"1.5": [-10, 0, 0],
						"2.0": [-15, 0, 0]
					}
				},
				"rightbackleg3": {
					"rotation": {
						"0.0": [37.5, 0, 0],
						"0.5": [-25, 0, 0],
						"1.0": [27.5, 0, 0],
						"1.5": [7.5, 0, 0],
						"2.0": [37.5, 0, 0]
					}
				},
				"rightbackfoot": {
					"rotation": {
						"0.0": [5, 0, 0],
						"1.0": [5, 0, 0],
						"1.5": [-0.06032, 0.13768, 0.53121],
						"2.0": [5, 0, 0]
					}
				},
				"fltoes3": {
					"rotation": {
						"0.0": [-55, 0, 0],
						"0.5": [12.46258, 0.37929, -0.1966],
						"1.0": [2.46258, 0.37929, -0.1966],
						"1.5": [-5.03742, 0.37929, -0.1966],
						"2.0": [-55, 0, 0]
					},
					"position": {
						"0.0": [0, 1, 0],
						"0.5": [0, 0, 0],
						"1.0": [0, 0, 0],
						"2.0": [0, 1, 0]
					}
				},