{
	"format_version": "1.8.0",
	"animations": {
		"animation.torpion.ground_idle": {
			"loop": true,
			"animation_length": 2,
			"bones": {
				"body": {
					"rotation": [-7.5, 0, 0]
				},
				"rightwing": {
					"rotation": {
						"0.9167": [0, 0, 0],
						"0.9583": [17.5, 0, 0],
						"1.0": [0, 0, 0],
						"1.0417": [17.5, 0, 0],
						"1.0833": [0, 0, 0]
					}
				},
				"leftwing": {
					"rotation": {
						"0.9167": [0, 0, 0],
						"0.9583": [17.5, 0, 0],
						"1.0": [0, 0, 0],
						"1.0417": [17.5, 0, 0],
						"1.0833": [0, 0, 0]
					}
				},
				"tail1": {
					"rotation": {
						"0.0": [0, 0, 0],
						"0.5": [10, 0, 0],
						"2.0": [0, 0, 0]
					}
				},
				"tail2": {
					"rotation": {
						"0.0": [0, 0, 0],
						"1.25": [0, 0, 0],
						"1.5": [-17.5, 0, 0],
						"2.0": [0, 0, 0]
					}
				},
				"tail3": {
					"rotation": {
						"0.0": [0, 0, 0],
						"0.5": [-7.5, 0, 0],
						"1.0": [-2.5, 0, 0],
						"1.5": [12.5, 0, 0],
						"2.0": [0, 0, 0]
					}
				},
				"tail4": {
					"rotation": {
						"0.0": [0, 0, 0],
						"1.0": [5, 0, 0],
						"1.25": [-6.25, 0, 0],
						"2.0": [0, 0, 0]
					}
				},
				"pincer1": {
					"rotation": {
						"0.5": [0, 0, 0],
						"1.0": [15, 0, 0],
						"2.0": [0, 0, 0]
					}
				},
				"pincer2": {
					"rotation": {
						"0.5": [0, 0, 0],
						"1.0": [-15, 0, 0],
						"2.0": [0, 0, 0]
					}
				},
				"pincer3": {
					"rotation": {
						"0.5": [0, 0, 0],
						"1.0": [-15, 0, 0],
						"2.0": [0, 0, 0]
					}
				},
				"pincer4": {
					"rotation": {
						"0.5": [0, 0, 0],
						"1.0": [-15, 0, 0],
						"2.0": [0, 0, 0]
					}
				},
				"rightleg1": {
					"rotation": {
						"0.0": [-25.08492, -24.06998, 22.86963],
						"1.0": [-18.95565, -27.40816, 13.77875],
						"2.0": [-25.08492, -24.06998, 22.86963]
					}
				},
				"rl12": {
					"rotation": {
						"0.0": [0, 0, -35],
						"1.0": [0, 0, -30],
						"2.0": [0, 0, -35]
					}
				},
				"rl12foot": {
					"rotation": [0, 0, -60]
				},
				"leftleg1": {
					"rotation": [14.62179, -1.20426, 7.70049]
				},
				"rightleg3": {
					"rotation": [24.32392, 1.2121, 5.21133]
				},
				"leftleg3": {
					"rotation": [24.32392, -1.2121, -5.21133]
				},
				"rightleg2": {
					"rotation": [12.48848, -0.54094, 2.44081]
				},
				"leftleg2": {
					"rotation": [12.48848, 0.54094, -2.44081]
				}
			}
		},
		"animation.torpion.ground_walk": {
			"loop": true,
			"animation_length": 2,
			"bones": {
				"body": {
					"rotation": {
						"0.0": [0, 0, 7.5],
						"0.5": [0, 0, -7.5],
						"1.0": [0, 0, 7.5],
						"1.5": [0, 0, -7.5],
						"2.0": [0, 0, 7.5]
					}
				},
				"tail1": {
					"rotation": {
						"0.0": [0, 0, 7.5],
						"0.25": [0, 0, 7.5],
						"0.5": [0, 0, -7.5],
						"0.75": [0, 0, -7.5],
						"1.0": [0, 0, 7.5],
						"1.25": [0, 0, 7.5],
						"1.5": [0, 0, -7.5],
						"1.75": [0, 0, -7.5],
						"2.0": [0, 0, 7.5]
					}
				},
				"tail2": {
					"rotation": {
						"0.0": [0, 0, -15],
						"0.5": [0, 0, 15],
						"1.0": [0, 0, -15],
						"1.5": [0, 0, 15],
						"2.0": [0, 0, -15]
					}
				},
				"tail3": {
					"rotation": {
						"0.0": [0, 0, 12.5],
						"0.125": [0.07713, 1.91134, 17.12111],
						"0.25": [0.07713, 1.91134, 17.12111],
						"0.5": [0, 0, -12.5],
						"0.625": [0.07713, -1.91134, -17.12111],
						"0.75": [0.07713, -1.91134, -17.12111],
						"1.0": [0, 0, 12.5],
						"1.125": [0.07713, 1.91134, 17.12111],
						"1.25": [0.07713, 1.91134, 17.12111],
						"1.5": [0, 0, -12.5],
						"1.625": [0.07713, -1.91134, -17.12111],
						"1.75": [0.07713, -1.91134, -17.12111],
						"2.0": [0, 0, 12.5]
					}
				},
				"tail4": {
					"rotation": {
						"0.0": [0, 0, -12.5],
						"0.125": [3.83914, 24.94169, 4.73442],
						"0.25": [3.83914, 24.94169, 4.73442],
						"0.5": [0, 0, 12.5],
						"0.625": [3.83914, -24.94169, -4.73442],
						"0.75": [3.83914, -24.94169, -4.73442],
						"1.0": [0, 0, -12.5],
						"1.125": [3.83914, 24.94169, 4.73442],
						"1.25": [3.83914, 24.94169, 4.73442],
						"1.5": [0, 0, 12.5],
						"1.625": [3.83914, -24.94169, -4.73442],
						"1.75": [3.83914, -24.94169, -4.73442],
						"2.0": [0, 0, -12.5]
					}
				},
				"rightleg1": {
					"rotation": {
						"0.0": [46.43593, -3.02996, 7.57925],
						"0.2917": [0.53043, -37.76553, 48.86481],
						"0.5": [0.32797, -12.12784, 11.69408],
						"0.75": [17.29838, 28.07205, 5.37739],
						"1.0": [46.43593, -3.02996, 7.57925],
						"1.2917": [0.53043, -37.76553, 48.86481],
						"1.5": [0.32797, -12.12784, 11.69408],
						"1.75": [17.29838, 28.07205, 5.37739],
						"2.0": [46.43593, -3.02996, 7.57925]
					}
				},
				"leftleg1": {
					"rotation": {
						"0.0": [0.32797, 12.12784, -11.69408],
						"0.25": [17.29838, -28.07205, -5.37739],
						"0.5": [46.43593, 3.02996, -7.57925],
						"0.7917": [0.53043, 37.76553, -48.86481],
						"1.0": [0.32797, 12.12784, -11.69408],
						"1.25": [17.29838, -28.07205, -5.37739],
						"1.5": [46.43593, 3.02996, -7.57925],
						"1.7917": [0.53043, 37.76553, -48.86481],
						"2.0": [0.32797, 12.12784, -11.69408]
					}
				},
				"rightleg3": {
					"rotation": {
						"0.0": [46.43593, -3.02996, 7.57925],
						"0.2917": [0.53043, -37.76553, 48.86481],
						"0.5": [0.32797, -12.12784, 11.69408],
						"0.75": [17.29838, 28.07205, 5.37739],
						"1.0": [46.43593, -3.02996, 7.57925],
						"1.2917": [0.53043, -37.76553, 48.86481],
						"1.5": [0.32797, -12.12784, 11.69408],
						"1.75": [17.29838, 28.07205, 5.37739],
						"2.0": [46.43593, -3.02996, 7.57925]
					}
				},
				"leftleg3": {
					"rotation": {
						"0.0": [0.32797, 12.12784, -11.69408],
						"0.25": [17.29838, -28.07205, -5.37739],
						"0.5": [46.43593, 3.02996, -7.57925],
						"0.7917": [0.53043, 37.76553, -48.86481],
						"1.0": [0.32797, 12.12784, -11.69408],
						"1.25": [17.29838, -28.07205, -5.37739],
						"1.5": [46.43593, 3.02996, -7.57925],
						"1.7917": [0.53043, 37.76553, -48.86481],
						"2.0": [0.32797, 12.12784, -11.69408]
					}
				},
				"rightleg2": {
					"rotation": {
						"0.0": [6.92832, -1.6626, -8.88887],
						"0.25": [15.6659, 13.68039, 0.83444],
						"0.5": [46.43593, -3.02996, 7.57925],
						"0.7917": [0.45474, -22.76607, 49.01369],
						"1.0": [6.92832, -1.6626, -8.88887],
						"1.25": [15.6659, 13.68039, 0.83444],
						"1.5": [46.43593, -3.02996, 7.57925],
						"1.7917": [0.45474, -22.76607, 49.01369],
						"2.0": [6.92832, -1.6626, -8.88887]
					}
				},
				"leftleg2": {
					"rotation": {
						"0.0": [46.43593, 3.02996, -7.57925],
						"0.2917": [0.45474, 22.76607, -49.01369],
						"0.5": [6.92832, 1.6626, 8.88887],
						"0.75": [15.6659, -13.68039, -0.83444],
						"1.0": [46.43593, 3.02996, -7.57925],
						"1.2917": [0.45474, 22.76607, -49.01369],
						"1.5": [6.92832, 1.6626, 8.88887],
						"1.75": [15.6659, -13.68039, -0.83444],
						"2.0": [46.43593, 3.02996, -7.57925]
					}
				}
			}
		},
		"animation.torpion.air_idle": {
			"loop": true,
			"animation_length": 1,
			"bones": {
				"body": {
					"rotation": {
						"0.0": [0, 0, 7.5],
						"0.5": [0, 0, -7.5],
						"1.0": [0, 0, 7.5]
					},
					"position": {
						"0.0": [-2, 0, 0],
						"0.25": [0, 1, 0],
						"0.5": [2, 0, 0],
						"0.75": [0, 1, 0],
						"1.0": [-2, 0, 0]
					}
				},
				"rightwing": {
					"rotation": {
						"0.0": [42.5, -75, 0],
						"0.0417": [67.5, -75, 0],
						"0.1667": [-25, -75, 0],
						"0.2083": [42.5, -75, 0],
						"0.25": [67.5, -75, 0],
						"0.375": [-25, -75, 0],
						"0.4583": [42.5, -75, 0],
						"0.5": [67.5, -75, 0],
						"0.625": [-25, -75, 0],
						"0.7083": [42.5, -75, 0],
						"0.75": [67.5, -75, 0],
						"0.875": [-25, -75, 0],
						"1.0": [42.5, -75, 0]
					}
				},
				"leftwing": {
					"rotation": {
						"0.0": [42.5, 75, 0],
						"0.0417": [67.5, 75, 0],
						"0.1667": [-25, 75, 0],
						"0.2083": [42.5, 75, 0],
						"0.25": [67.5, 75, 0],