{
	"format_version": "1.8.0",
	"animations": {
		"animation.dionaflare.mouth": {
			"loop": true,
			"bones": {
				"topjaw": {
					"rotation": [-32.5, 0, 0]
				},
				"bottomjaw": {
					"rotation": [25, 0, 0]
				},
				"bottomjaw2": {
					"rotation": [40, 0, 0]
				}
			}
		},
		"animation.dionaflare.ground_idle": {
			"loop": true,
			"animation_length": 2,
			"bones": {
				"neck1": {
					"rotation": {
						"0.0": [10, 0, 0],
						"1.0": [-12.5, 0, 0],
						"2.0": [10, 0, 0]
					}
				},
				"neck2": {
					"rotation": {
						"0.0": [0, 0, 5],
						"1.0": [12.5, 0, 20],
						"2.0": [0, 0, 5]
					}
				},
				"neck3": {
					"rotation": {
						"0.0": [0, 0, 0],
						"1.0": [0, -20, 0],
						"2.0": [0, 0, 0]
					}
				},
				"bottomjaw": {
					"rotation": {
						"0.0": [0, 0, 0],
						"1.0": [5, 0, 0],
						"2.0": [0, 0, 0]
					}
				},
				"neck4": {
					"rotation": {
						"0.0": [10, 0, 0],
						"1.0": [-12.5, 0, 0],
						"2.0": [10, 0, 0]
					}
				},
				"neck5": {
					"rotation": {
						"0.0": [0, 0, -5],
						"1.0": [12.5, 0, -20],
						"2.0": [0, 0, -5]
					}
				},
				"neck6": {
					"rotation": {
						"0.0": [0, 0, 0],
						"1.0": [3.17234, 14.34572, 8.83916],
						"2.0": [0, 0, 0]
					}
				},
				"bottomjaw2": {
					"rotation": {
						"0.0": [0, 0, 0],
						"1.0": [5, 0, 0],
						"2.0": [0, 0, 0]
					}
				},
				"rightarm": {
					"rotation": {
						"0.0": [-20.38614, -29.96852, 1.44261],
						"0.5": [-24.64438, -29.31148, 10.04063],
						"1.0": [-31.25767, -27.03151, 23.99195],
						"1.5": [-20.38614, -29.96852, 1.44261],
						"1.75": [-20.38614, -29.96852, 1.44261],
						"2.0": [-20.38614, -29.96852, 1.44261]
					}
				},
				"rightforearm": {
					"rotation": {
						"0.0": [0, 0, 0],
						"0.5": [0, -10, 0],
						"1.0": [0, -17.5, 0],
						"1.5": [0, 0, 0]
					}
				},
				"rightfingers": {
					"rotation": {
						"0.0": [0, 0, 0],
						"0.5": [0, 0, -7.5],
						"1.0": [0, 0, -15],
						"1.5": [0, 0, 0]
					}
				},
				"leftarm": {
					"rotation": {
						"0.0": [-20.38614, 29.96852, -1.44261],
						"0.5": [-24.64438, 29.31148, -10.04063],
						"1.0": [-31.25767, 27.03151, -23.99195],
						"1.5": [-20.38614, 29.96852, -1.44261],
						"1.75": [-20.38614, 29.96852, -1.44261],
						"2.0": [-20.38614, 29.96852, -1.44261]
					}
				},
				"leftforearm": {
					"rotation": {
						"0.0": [0, 0, 0],
						"0.5": [0, 10, 0],
						"1.0": [0, 17.5, 0],
						"1.5": [0, 0, 0]
					}
				},
				"tail1": {
					"rotation": {
						"0.0": [-5.02363, 2.16489, -1.2506],
						"1.0": [15, 0, 0],
						"1.5": [0, -5, 0],
						"2.0": [-5.02363, 2.16489, -1.2506]
					}
				},
				"tail2": {
					"rotation": {
						"0.0": [-4.75471, 5.52235, 5.08269],
						"1.0": [-20, 0, 0],
						"1.5": [0, -10, 0],
						"2.0": [-4.75471, 5.52235, 5.08269]
					}
				},
				"tail3": {
					"rotation": {
						"0.0": [-19.63918, 8.86042, 4.65468],
						"1.0": [-15, 0, 0],
						"1.5": [0, -10, 0],
						"2.0": [-19.63918, 8.86042, 4.65468]
					}
				},
				"tail4": {
					"rotation": {
						"0.0": [-22.5, 10, 0],
						"1.0": [17.5, -5, 0],
						"1.5": [0, -22.5, 0],
						"2.0": [-22.5, 10, 0]
					}
				},
				"tail5": {
					"rotation": {
						"0.0": [-11.32717, 18.74724, 7.09597],
						"1.0": [28.67283, 18.74724, 7.09597],
						"1.5": [11.32517, -8.88868, 36.41848],
						"2.0": [-11.32717, 18.74724, 7.09597]
					}
				}
			}
		},
		"animation.dionaflare.ground_walk": {
			"loop": true,
			"animation_length": 2,
			"bones": {
				"body": {
					"rotation": {
						"0.0": [0, -27.5, 0],
						"1.0": [0, 27.5, 0],
						"2.0": [0, -27.5, 0]
					}
				},
				"neck1": {
					"rotation": {
						"0.0": [-24.91291, 13.96626, -29.67668],
						"1.0": [13.49226, -19.47186, 13.65889],
						"2.0": [-24.91291, 13.96626, -29.67668]
					}
				},
				"bottomjaw": {
					"rotation": {
						"0.0": [7.5, 0, 0],
						"1.0": [0, 0, 0],
						"2.0": [7.5, 0, 0]
					}
				},
				"neck4": {
					"rotation": {
						"0.0": [13.49226, 19.47186, -13.65889],
						"1.0": [-24.91291, -13.96626, 29.67668],
						"2.0": [13.49226, 19.47186, -13.65889]
					}
				},
				"bottomjaw2": {
					"rotation": {
						"0.0": [0, 0, 0],
						"1.0": [7.5, 0, 0],
						"2.0": [0, 0, 0]
					}
				},
				"rightarm": {
					"rotation": {
						"0.0": [-10, 0, 0],
						"1.0": [12.5, 0, 0],
						"2.0": [-10, 0, 0]
					}
				},
				"rightforearm": {
					"rotation": {
						"0.0": [-25, 0, 0],
						"0.5": [0, 0, 0],
						"1.5": [0, 0, 0],
						"2.0": [-25, 0, 0]
					}
				},
				"leftarm": {
					"rotation": {
						"0.0": [12.5, 0, 0],
						"1.0": [-10, 0, 0],
						"2.0": [12.5, 0, 0]
					}
				},
				"leftforearm": {
					"rotation": {
						"0.5": [0, 0, 0],
						"1.0": [-25, 0, 0],
						"1.5": [0, 0, 0]
					}
				},
				"lowerbody": {
					"rotation": {
						"0.0": [-5.17582, 9.67544, -21.7303],
						"1.0": [-5.17582, -9.67544, 21.7303],
						"2.0": [-5.17582, 9.67544, -21.7303]
					}
				},
				"tail3": {
					"rotation": {
						"0.0": [10, 0, 0],
						"0.5": [0, 0, 0],
						"1.0": [10, 0, 0],
						"1.5": [0, 0, 0],
						"2.0": [10, 0, 0]
					}
				},
				"tail4": {
					"rotation": {
						"0.0": [15, 0, 0],
						"0.5": [0, 0, 0],
						"1.0": [15, 0, 0],
						"1.5": [0, 0, 0],
						"2.0": [15, 0, 0]
					}
				},
				"tail5": {
					"rotation": {
						"0.0": [22.5, 0, 0],
						"0.5": [0, 0, 0],
						"1.0": [22.5, 0, 0],
						"1.5": [0, 0, 0],
						"2.0": [22.5, 0, 0]
					}
				},
				"rightleg": {
					"rotation": {
						"0.0": [-17.5, 0, 0],
						"0.5": [30, 0, 0],
						"1.0": [82.5, 0, 0],
						"1.5": [-22.5, 0, 0],
						"2.0": [-17.5, 0, 0]
					},
					"position": {
						"1.0": [0, 0, 0],
						"1.5": [0, 2, 0],
						"2.0": [0, 0, 0]
					}
				},
				"rightleglower": {
					"rotation": {
						"0.0": [-42.5, 0, 0],
						"1.5": [40, 0, 0],
						"2.0": [-42.5, 0, 0]
					}
				},
				"rightleglower2": {
					"rotation": {
						"0.0": [12.5, 0, 0],
						"0.5": [-5, 0, 0],
						"1.0": [-12.5, 0, 0],
						"2.0": [12.5, 0, 0]
					}
				},
				"leftleg": {
					"rotation": {
						"0.0": [82.5, 0, 0],
						"0.5": [-22.5, 0, 0],
						"1.0": [-17.5, 0, 0],
						"1.5": [30, 0, 0],
						"2.0": [82.5, 0, 0]
					},
					"position": {
						"0.0": [0, 0, 0],
						"0.5": [0, 2, 0],
						"1.0": [0, 0, 0],
						"2.0": [0, 0, 0]
					}
				},
				"leftleglower": {
					"rotation": {
						"0.0": [-42.5, 0, 0],
						"0.5": [40, 0, 0],
						"1.0": [-42.5, 0, 0]
					}
				},
				"leftleglower2": {
					"rotation": {
						"0.0": [-12.5, 0, 0],
						"1.0": [12.5, 0, 0],
						"1.5": [-5, 0, 0],
						"2.0": [-12.5, 0, 0]
					}
				}
			}
		},
		"animation.dionaflare.faint": {
			"animation_length": 2,
			"bones": {
				"body": {
					"rotation": {
						"0.75": [0, 0, 0],
						"0.875": [5, 0, 0],
						"1.0": [17.5, 0, 0],
						"1.25": [35, 0, 0],
						"1.375": [60, 0, 0]
					},
					"position": {
						"0.875": [0, 0, -2],
						"1.0": [0, 0, -6],
						"1.25": [0, -8, -6],
						"1.375": [0, -18, -6]
					}
				},
				"neck1": {
					"rotation": {
						"0.0": [0, 0, 0],
						"0.5": [-20, 0, 0],
						"1.5": [-27.5, 0, 0],
						"1.5833": [-2.5, 0, 0],
						"1.6667": [13.77836, -2.89802, 27.2385]
					}
				},
				"neck2": {
					"rotation": {
						"0.0": [0, 0, 0],
						"0.5": [-27.5, 0, 0],
						"0.75": [-27.17023, 3.99201, -29.74104],
						"1.0": [-27.30124, 0.64506, -4.96222],
						"1.25": [-27.17023, 3.99201, -29.74104],
						"1.5": [-64.67023, 3.99201, -29.74104],
						"1.5833": [-39.67023, 3.99201, -29.74104],
						"2.0": [-39.25862, 5.01069, -17.27568]
					}
				},
				"neck3": {
					"rotation": {
						"0.0": [0, 0, 0],
						"0.5": [-47.5, 0, 0],
						"0.75": [-40.59197, -9.28342, -44.59211],
						"1.0": [-47.12541, -1.25686, -4.85402],
						"1.25": [-40.59197, -9.28342, -44.59211],
						"1.5": [-70.59197, -9.28342, -44.59211],