{
	"format_version": "1.8.0",
	"animations": {
		"render": {
			"loop": true,
			"bones": {
				"mouth2": {
					"rotation": [0.75, 0, 0]
				},
				"leg_left": {
					"rotation": [0, 0, -10.25]
				},
				"leg_left3": {
					"rotation": [0, 0, 9.25]
				},
				"undefined": {
					"rotation": [6, 0, 0]
				},
				"leg_right": {
					"rotation": [-14.40186, 13.33325, 9.37454]
				},
				"leg_right2": {
					"rotation": [13.12554, -1.82796, -8.46032]
				},
				"leg_right3": {
					"rotation": [0, 0, -6.75]
				},
				"head": {
					"rotation": [-6.5565, 12.4838, -0.28977]
				},
				"toe_leg_right4": {
					"rotation": [-55.24361, 1.02703, -0.53743]
				},
				"toe_leg_right3": {
					"rotation": [35.99352, -0.73469, -0.23867]
				},
				"toe_leg_right2": {
					"rotation": [27.74438, -0.58198, -0.14373]
				},
				"toe_leg_right": {
					"rotation": [15.24654, -0.32876, -0.044]
				},
				"skirt": {
					"rotation": [-21, 0, 0],
					"position": [0, 0.51347, 0.1971]
				},
				"skirt2": {
					"rotation": [-45, 0, 0]
				},
				"skirt3": {
					"rotation": [-32.5, 0, 0]
				},
				"skirt_all": {
					"rotation": [11, 0, 0],
					"position": [0, -1.26016, 0.19396]
				},
				"skirt_left": {
					"rotation": [-20.09983, -44.2565, -0.14027],
					"position": [-0.20762, 0.49547, 1.33979]
				},
				"skirt_left2": {
					"rotation": [-42.25, 0, 0]
				},
				"skirt_left3": {
					"rotation": [-29.5, 0, 0]
				},
				"skirt_left4": {
					"rotation": [-90, -5, -85.5],
					"position": [0.06703, 0.5459, 0]
				},
				"skirt_left5": {
					"rotation": [-53.75, 0, 0]
				},
				"skirt_left6": {
					"rotation": [-28.25, 0, 0]
				},
				"skirt_left7": {
					"rotation": [175.08756, -142.96924, -179.10208],
					"position": [1.98319, 0.24827, 0.86611]
				},
				"skirt_left8": {
					"rotation": [-53.5, 0, 0]
				},
				"skirt_left9": {
					"rotation": [-18.25, 0, 0]
				},
				"skirt13": {
					"rotation": [-197.75, -180, -180],
					"position": [0, 0.76479, 0.14175]
				},
				"skirt14": {
					"rotation": [-44.75, 0, 0]
				},
				"skirt15": {
					"rotation": [-14.25, 0, 0]
				},
				"wing_open_left": {
					"rotation": [-66.48582, 79.98264, 37.79462]
				},
				"wing_open_left2": {
					"rotation": [42.16267, 0.57676, 39.49067]
				},
				"skirt_right": {
					"rotation": [-20.09983, 44.2565, 0.14027],
					"position": [0.20762, 0.49547, 1.33979]
				},
				"skirt_right2": {
					"rotation": [-42.25, 0, 0]
				},
				"skirt_right3": {
					"rotation": [-29.5, 0, 0]
				},
				"skirt_right4": {
					"rotation": [-90, 5, 85.5],
					"position": [-0.06703, 0.5459, 0]
				},
				"skirt_right5": {
					"rotation": [-53.75, 0, 0]
				},
				"skirt_right6": {
					"rotation": [-28.25, 0, 0]
				},
				"skirt_right7": {
					"rotation": [175.08756, 142.96924, 179.10208],
					"position": [-1.98319, 0.24827, 0.86611]
				},
				"skirt_right8": {
					"rotation": [-53.5, 0, 0]
				},
				"feather_bot": {
					"rotation": [47.40022, -8.37424, -7.58993]
				},
				"feather_top": {
					"rotation": [52.49189, 10.43733, 11.54669]
				},
				"feather_top2": {
					"rotation": [0, 0, -13.75]
				},
				"feather_top3": {
					"rotation": [0, 0, -8.75]
				},
				"feather_bot3": {
					"rotation": [0, 0, -16.25]
				},
				"feather_mid": {
					"rotation": [43.93953, -2.91801, 3.31126]
				},
				"feather_mid2": {
					"rotation": [0, 0, -7]
				},
				"feather_mid3": {
					"rotation": [0, 0, -21.5]
				},
				"wing_open_right": {
					"rotation": [-54.86487, 20.49265, -26.4492]
				},
				"wing_open_right2": {
					"rotation": [-0.24195, -21.52971, -14.00205]
				},
				"feather_top4": {
					"rotation": [-83.85484, 10.64408, 4.56542]
				},
				"feather_top5": {
					"rotation": [0, 0, -17.5]
				},
				"feather_top6": {
					"rotation": [0, 0, -11.75]
				},
				"feather_mid4": {
					"rotation": [-91.66629, 8.49624, -0.26655]
				},
				"feather_mid5": {
					"rotation": [0, 0, -6.75]
				},
				"feather_mid6": {
					"rotation": [0, 0, -17.5]
				},
				"feather_bot4": {
					"rotation": [-102.63149, 8.04128, -1.94638]
				},
				"feather_bot5": {
					"rotation": [0, 0, 9.75]
				},
				"feather_bot6": {
					"rotation": [0, 0, -23.25]
				}
			}
		},
		"render2": {
			"loop": true,
			"bones": {
				"mouth2": {
					"rotation": [52.5, 0, 0]
				},
				"leg_left": {
					"rotation": [0, 0, -10.25]
				},
				"leg_left3": {
					"rotation": [0, 0, 9.25]
				},
				"undefined": {
					"rotation": [6, 0, 0]
				},
				"leg_right": {
					"rotation": [0, 0, 16.25]
				},
				"leg_right2": {
					"rotation": [0, 0, -8.25]
				},
				"leg_right3": {
					"rotation": [0, 0, -6.75]
				},
				"head": {
					"rotation": [0, -113.5, 0]
				},
				"wing_open_left": {
					"rotation": [-52.23234, 71.82234, 25.60527]
				},
				"wing_open_left2": {
					"rotation": [0, 0, 28.5]
				}
			}
		},
		"animation.oricorio_pau.ground_idle": {
			"loop": true
		}
	}
}