{
	"format_version": "1.8.0",
	"animations": {
		"animation.palabara.ground_idle": {
			"loop": true,
			"animation_length": 4,
			"bones": {
				"body": {
					"rotation": ["-2*math.sin(q.anim_time*90*1+90)", 0, 0]
				},
				"neck": {
					"rotation": ["-9+5*math.sin(q.anim_time*90*1+90)", 0, 0]
				},
				"head": {
					"rotation": ["30+2*math.sin(q.anim_time*90*1+90)", 0, 0]
				},
				"righteyeopen": {
					"position": {
						"0.0": [0, 0, 0],
						"1.9167": [0, 0, 0],
						"2.0": [0.75, 0, 0],
						"2.0833": [0, 0, 0],
						"4.0": [0, 0, 0]
					}
				},
				"righteyeclosed": {
					"position": {
						"0.0": [0, 0, 0],
						"1.9167": [0, 0, 0],
						"2.0": [-2, 0, 0],
						"2.0833": [0, 0, 0],
						"4.0": [0, 0, 0]
					}
				},
				"lefteyeclosed": {
					"position": {
						"0.0": [0, 0, 0],
						"1.9167": [0, 0, 0],
						"2.0": [2, 0, 0],
						"2.0833": [0, 0, 0],
						"4.0": [0, 0, 0]
					}
				},
				"lefteyeopen": {
					"position": {
						"0.0": [0, 0, 0],
						"1.9167": [0, 0, 0],
						"2.0": [-0.75, 0, 0],
						"2.0833": [0, 0, 0],
						"4.0": [0, 0, 0]
					}
				},
				"rightarm": {
					"rotation": {
						"0.0": [4.92442, -0.86717, -0.03729],
						"2.0": [0, 0, 0],
						"4.0": [4.92442, -0.86717, -0.03729]
					}
				},
				"righthoof": {
					"rotation": {
						"0.0": [0, 0, 0],
						"1.5": [-24.35679, 0.17955, 0.32127],
						"2.0": [-22.48325, 0.148, 0.83205],
						"2.5": [-24.35679, 0.17955, 0.32127],
						"4.0": [0, 0, 0]
					}
				},
				"leftarm": {
					"rotation": {
						"0.0": [4.92442, 0.86717, 0.03729],
						"2.0": [0, 0, 0],
						"4.0": [4.92442, 0.86717, 0.03729]
					}
				},
				"lefthoof": {
					"rotation": {
						"0.0": [0, 0, 0],
						"1.5": [-24.35679, 0.17955, 0.32127],
						"2.0": [-22.48325, 0.148, 0.83205],
						"2.5": [-24.35679, 0.17955, 0.32127],
						"4.0": [0, 0, 0]
					}
				},
				"rightleg": {
					"rotation": {
						"0.0": [4.92442, -0.86717, -0.03729],
						"2.0": [0, 0, 0],
						"4.0": [4.92442, -0.86717, -0.03729]
					}
				},
				"leftleg": {
					"rotation": {
						"0.0": [4.92442, 0.86717, 0.03729],
						"2.0": [0, 0, 0],
						"4.0": [4.92442, 0.86717, 0.03729]
					}
				}
			}
		},
		"animation.palabara.ground_walk": {
			"loop": true,
			"animation_length": 4,
			"bones": {
				"body": {
					"rotation": {
						"0.0": ["0-2*math.sin(q.anim_time*90*1+90)", 0, 7.5],
						"2.0": ["0-2*math.sin(q.anim_time*90*1+90)", 0, -7.5],
						"4.0": ["0-2*math.sin(q.anim_time*90*1+90)", 0, 7.5]
					}
				},
				"neck": {
					"rotation": ["-9+5*math.sin(q.anim_time*90*1+90)", 0, 0]
				},
				"head": {
					"rotation": {
						"0.0": ["29.949+2*math.sin(q.anim_time*90*1+90)", 0.78175, -7.45938],
						"2.0": ["29.949+2*math.sin(q.anim_time*90*1+90)", -0.78175, 7.45938],
						"4.0": ["29.949+2*math.sin(q.anim_time*90*1+90)", 0.78175, -7.45938]
					}
				},
				"righteyeopen": {
					"position": {
						"0.0": [0, 0, 0],
						"1.9167": [0, 0, 0],
						"2.0": [0.75, 0, 0],
						"2.0833": [0, 0, 0],
						"4.0": [0, 0, 0]
					}
				},
				"righteyeclosed": {
					"position": {
						"0.0": [0, 0, 0],
						"1.9167": [0, 0, 0],
						"2.0": [-2, 0, 0],
						"2.0833": [0, 0, 0],
						"4.0": [0, 0, 0]
					}
				},
				"lefteyeclosed": {
					"position": {
						"0.0": [0, 0, 0],
						"1.9167": [0, 0, 0],
						"2.0": [2, 0, 0],
						"2.0833": [0, 0, 0],
						"4.0": [0, 0, 0]
					}
				},
				"lefteyeopen": {
					"position": {
						"0.0": [0, 0, 0],
						"1.9167": [0, 0, 0],
						"2.0": [-0.75, 0, 0],
						"2.0833": [0, 0, 0],
						"4.0": [0, 0, 0]
					}
				},
				"rightarm": {
					"rotation": {
						"0.0": [-29.62165, 4.98093, -1.3178],
						"0.5": [0, 1.99448, 0.28486],
						"1.0": [42.06341, -6.73717, -2.59298],
						"1.5": [0, 1.99448, 0.28486],
						"2.0": [-29.62165, 4.98093, -1.3178],
						"2.5": [0, 1.99448, 0.28486],
						"3.0": [42.06341, -6.73717, -2.59298],
						"3.5": [0, 1.99448, 0.28486],
						"4.0": [-29.62165, 4.98093, -1.3178]
					}
				},
				"righthoof": {
					"rotation": {
						"0.0": [0, 0, 0],
						"1.5": [20.59214, 0.98523, -1.43144],
						"2.0": [-22.48325, 0.148, 0.83205],
						"2.5": [-24.35679, 0.17955, 0.32127],
						"4.0": [0, 0, 0]
					}
				},
				"leftarm": {
					"rotation": {
						"0.0": [42.06341, 6.73717, 2.59298],
						"1.0": [-29.62165, -4.98093, 1.3178],
						"1.5": [0, -1.99448, -0.28486],
						"2.0": [42.06341, 6.73717, 2.59298],
						"2.5": [0, -1.99448, -0.28486],
						"3.0": [-29.62165, -4.98093, 1.3178],
						"3.5": [4.92442, 0.86717, 0.03729],
						"4.0": [42.06341, 6.73717, 2.59298]
					}
				},
				"lefthoof": {
					"rotation": {
						"0.0": [0, 0, 0],
						"1.5": [-24.35679, 0.17955, 0.32127],
						"2.0": [-22.48325, 0.148, 0.83205],
						"2.5": [-24.35679, 0.17955, 0.32127],
						"4.0": [0, 0, 0]
					}
				},
				"rightleg": {
					"rotation": {
						"0.0": [49.62469, -8.64925, -5.71585],
						"0.5": [0, 0, 0],
						"1.0": [-49.62469, -8.64925, 5.71585],
						"1.5": [0, 0, 0],
						"2.0": [49.62469, -8.64925, -5.71585],
						"2.5": [0, 0, 0],
						"3.0": [-49.62469, -8.64925, 5.71585],
						"3.5": [0, 0, 0],
						"4.0": [49.62469, -8.64925, -5.71585]
					}
				},
				"leftleg": {
					"rotation": {
						"0.0": [-49.62469, 8.64925, -5.71585],
						"0.5": [0, 0, 0],
						"1.0": [49.62469, 8.64925, 5.71585],
						"1.5": [0, 0, 0],
						"2.0": [-49.62469, 8.64925, -5.71585],
						"2.5": [0, 0, 0],
						"3.0": [49.62469, 8.64925, 5.71585],
						"3.5": [0, 0, 0],
						"4.0": [-49.62469, 8.64925, -5.71585]
					}
				},
				"rightarm2": {
					"rotation": [-0.00014, -0.29091, -0.14184]
				},
				"leftarm2": {
					"rotation": [-0.00014, 0.29091, 0.14184]
				},
				"rightleg2": {
					"rotation": {
						"0.0": [0, 0.25199, -8.65628],
						"1.0": [23.49807, -1.30739, -8.77176],
						"2.0": [0, 0, 0],
						"3.0": [23.49807, -1.30739, -8.77176],
						"4.0": [0, 0.25199, -8.65628]
					}
				},
				"rightleg3": {
					"rotation": {
						"0.0": [0, 0, 0],
						"1.0": [11.93391, -3.76823, -0.05438],
						"2.0": [0, 0, 0],
						"3.0": [11.93391, -3.76823, -0.05438],
						"4.0": [0, 0, 0]
					}
				},
				"leftleg2": {
					"rotation": {
						"0.0": [23.49807, -1.30739, -8.77176],
						"1.0": [0, 0, 0],
						"2.0": [23.49807, -1.30739, -8.77176],
						"3.0": [0, 0, 0],
						"4.0": [23.49807, -1.30739, -8.77176]
					}
				},
				"leftleg3": {
					"rotation": {
						"0.0": [11.93391, 3.76823, 0.05438],
						"1.0": [0, 0, 0],
						"2.0": [11.93391, 3.76823, 0.05438],
						"3.0": [0, 0, 0],
						"4.0": [11.93391, 3.76823, 0.05438]
					}
				}
			}
		},
		"animation.palabara.faint": {
			"animation_length": 2,
			"bones": {
				"body": {
					"rotation": {
						"0.0": [0, 0, 0],
						"0.5": [0, 0, -12.5],
						"1.0": [0, 0, -52.5],
						"1.25": [0, 0, -85]
					},
					"position": {
						"0.0": [0, 0, 0],
						"0.5": [-6, 0, 0],
						"1.0": [-14, -4, 0],
						"1.25": [-14, -13, 0]
					}
				},
				"neck": {
					"rotation": {
						"0.0": [0, 0, 0],
						"0.5": [-17.10967, -3.73171, 8.06155],
						"1.25": [-8.47655, 30.28077, 10.13821],
						"2.0": [-23.6943, 25.58077, -10.72967]
					}
				},
				"head": {
					"rotation": {
						"0.0": [0, 0, 0],
						"0.5": [-2.05813, -3.43633, 12.16529],
						"1.5": [-2.05813, -3.43633, 12.16529]
					}
				},
				"righteyeopen": {
					"position": {
						"0.3333": [0, 0, 0],
						"0.5": [0.75, 0, 0]
					}
				},
				"righteyeclosed": {
					"position": {
						"0.3333": [-1.25, 0, 0],
						"0.5": [-1.75, 0, 0]
					}
				},
				"lefteyeclosed": {
					"position": {
						"0.3333": [1.25, 0, 0],
						"0.5": [2, 0, 0]
					}
				},
				"lefteyeopen": {
					"position": {
						"0.3333": [0, 0, 0],
						"0.5": [-1, 0, 0]
					}
				},
				"rightarm": {
					"rotation": {
						"0.0": [0, 0, 0],
						"0.5": [0, 0, -20],
						"1.25": [0, 0, -10],