{
	"format_version": "1.8.0",
	"animations": {
		"pose": {
			"loop": true,
			"bones": {
				"body_bottom": {
					"rotation": [0, -2.5, 0]
				},
				"body_upper": {
					"rotation": [0, -2.5, 0]
				},
				"arm_center": {
					"rotation": [55, 0, 0]
				},
				"arm_center2": {
					"rotation": [-26.86237, 2.92646, 17.05713]
				},
				"arm_center3": {
					"rotation": [-40.37835, -4.98093, 8.6822]
				},
				"arm_center4": {
					"rotation": [60, 0, 0]
				},
				"arm_center5": {
					"rotation": [45, 0, 0]
				},
				"arm_center6": {
					"rotation": [-10.12116, -17.48281, 0.78795]
				},
				"arm_right": {
					"rotation": [40, -57.5, 0]
				},
				"arm_right2": {
					"rotation": [-3.83844, -8.64738, -15.27269]
				},
				"arm_right3": {
					"rotation": [-9.76905, 4.29357, 6.15518]
				},
				"arm_right4": {
					"rotation": [21.03642, 22.98733, -95.10359]
				},
				"arm_right5": {
					"rotation": [32.0879, 23.97979, 57.61488]
				},
				"arm_right6": {
					"rotation": [-25.06751, 15.01063, -14.72728]
				},
				"arm_left": {
					"rotation": [52.5, 65, 0]
				},
				"arm_left2": {
					"rotation": [-5, 0, 0]
				},
				"arm_left3": {
					"rotation": [-40.42445, 7.9185, -6.12673]
				},
				"arm_left4": {
					"rotation": [-50, 0, 0]
				},
				"arm_left5": {
					"rotation": [80, 0, 0]
				},
				"arm_left6": {
					"rotation": [29.78024, -5.22782, -8.43964]
				}
			}
		},
		"animation.ferrothorn.ground_idle": {
			"loop": true,
			"bones": {
				"body_bottom": {
					"rotation": [0, -2.5, 0]
				},
				"body_upper": {
					"rotation": [0, -2.5, 0]
				},
				"arm_center": {
					"rotation": [55, 0, 0]
				},
				"arm_center2": {
					"rotation": [-26.86237, 2.92646, 17.05713]
				},
				"arm_center3": {
					"rotation": [-40.37835, -4.98093, 8.6822]
				},
				"arm_center4": {
					"rotation": [60, 0, 0]
				},
				"arm_center5": {
					"rotation": [45, 0, 0]
				},
				"arm_center6": {
					"rotation": [-10.12116, -17.48281, 0.78795]
				},
				"arm_right": {
					"rotation": [40, -57.5, 0]
				},
				"arm_right2": {
					"rotation": [-3.83844, -8.64738, -15.27269]
				},
				"arm_right3": {
					"rotation": [-9.76905, 4.29357, 6.15518]
				},
				"arm_right4": {
					"rotation": [21.03642, 22.98733, -95.10359]
				},
				"arm_right5": {
					"rotation": [32.0879, 23.97979, 57.61488]
				},
				"arm_right6": {
					"rotation": [-25.06751, 15.01063, -14.72728]
				},
				"arm_left": {
					"rotation": [52.5, 65, 0]
				},
				"arm_left2": {
					"rotation": [-5, 0, 0]
				},
				"arm_left3": {
					"rotation": [-40.42445, 7.9185, -6.12673]
				},
				"arm_left4": {
					"rotation": [-50, 0, 0]
				},
				"arm_left5": {
					"rotation": [80, 0, 0]
				},
				"arm_left6": {
					"rotation": [29.78024, -5.22782, -8.43964]
				}
			}
		},
		"animation.ferrothorn.ground_walk": {
			"loop": true,
			"bones": {
				"body_bottom": {
					"rotation": [0, -2.5, 0]
				},
				"body_upper": {
					"rotation": [0, -2.5, 0]
				},
				"arm_center": {
					"rotation": [55, 0, 0]
				},
				"arm_center2": {
					"rotation": [-26.86237, 2.92646, 17.05713]
				},
				"arm_center3": {
					"rotation": [-40.37835, -4.98093, 8.6822]
				},
				"arm_center4": {
					"rotation": [60, 0, 0]
				},
				"arm_center5": {
					"rotation": [45, 0, 0]
				},
				"arm_center6": {
					"rotation": [-10.12116, -17.48281, 0.78795]
				},
				"arm_right": {
					"rotation": [40, -57.5, 0]
				},
				"arm_right2": {
					"rotation": [-3.83844, -8.64738, -15.27269]
				},
				"arm_right3": {
					"rotation": [-9.76905, 4.29357, 6.15518]
				},
				"arm_right4": {
					"rotation": [21.03642, 22.98733, -95.10359]
				},
				"arm_right5": {
					"rotation": [32.0879, 23.97979, 57.61488]
				},
				"arm_right6": {
					"rotation": [-25.06751, 15.01063, -14.72728]
				},
				"arm_left": {
					"rotation": [52.5, 65, 0]
				},
				"arm_left2": {
					"rotation": [-5, 0, 0]
				},
				"arm_left3": {
					"rotation": [-40.42445, 7.9185, -6.12673]
				},
				"arm_left4": {
					"rotation": [-50, 0, 0]
				},
				"arm_left5": {
					"rotation": [80, 0, 0]
				},
				"arm_left6": {
					"rotation": [29.78024, -5.22782, -8.43964]
				}
			}
		}
	}
}