{
	"format_version": "1.8.0",
	"animations": {
		"animation.greavard.ground_idle": {
			"loop": true,
			"animation_length": 2,
			"bones": {
				"flame": {
					"scale": {
						"0.0": [1, 1, 1],
						"0.25": {"pre": [1, 1, 1], "post": [0.001, 0.001, 0.001]},
						"0.5833": {"pre": [0.001, 0.001, 0.001], "post": [0.001, 0.001, 0.001]},
						"0.875": {"pre": [0.001, 0.001, 0.001], "post": [1, 1, 1]},
						"1.25": {"pre": [1, 1, 1], "post": [0.001, 0.001, 0.001]},
						"1.5": {"pre": [0.001, 0.001, 0.001], "post": [0.001, 0.001, 0.001]}
					}
				},
				"leg_left_back": {
					"rotation": [0, -5, 0]
				},
				"leg_left_front": {
					"rotation": ["0+math.sin(query.anim_time*90*2-40)/3", -5, 0]
				},
				"flame2": {
					"scale": {
						"0.0": [0.001, 0.001, 0.001],
						"0.3333": {"pre": [0.001, 0.001, 0.001], "post": [1, 1, 1]},
						"0.7917": {"pre": [1, 1, 1], "post": [0.001, 0.001, 0.001]},
						"1.1667": {"pre": [0.001, 0.001, 0.001], "post": [0.001, 0.001, 0.001]},
						"1.6667": {"pre": [0.001, 0.001, 0.001], "post": [1, 1, 1]},
						"2.0": {"pre": [1, 1, 1], "post": [0.001, 0.001, 0.001]}
					}
				},
				"flame3": {
					"scale": {
						"0.0": [0.001, 0.001, 0.001],
						"0.3333": {"pre": [0.001, 0.001, 0.001], "post": [0.001, 0.001, 0.001]},
						"0.7917": {"pre": [0.001, 0.001, 0.001], "post": [1, 1, 1]},
						"1.1667": {"pre": [1, 1, 1], "post": [0.001, 0.001, 0.001]},
						"1.6667": {"pre": [0.001, 0.001, 0.001], "post": [0.001, 0.001, 0.001]},
						"2.0": {"pre": [0.001, 0.001, 0.001], "post": [1, 1, 1]}
					}
				},
				"flames": {
					"rotation": {
						"0.5": [0, 0, 0],
						"0.875": [-11.43345, 1.24368, 6.12549],
						"1.4583": [1.56655, 1.24368, 6.12549],
						"2.0": [0, 0, 0]
					}
				},
				"body": {
					"position": [0, 0.75, 0]
				},
				"stomach": {
					"rotation": ["0+math.sin(query.anim_time*90*2-20)", 0, 0],
					"position": [0, "0+math.sin(query.anim_time*90*2)/7", 0]
				},
				"head": {
					"rotation": ["0+math.sin(query.anim_time*90*2)*2", 0, 0],
					"position": [0, "0-math.sin(query.anim_time*90*2-40)/7", 0]
				},
				"hair_left": {
					"rotation": [0, 0, "0+math.sin(query.anim_time*90*2)*2"]
				},
				"hair_left3": {
					"rotation": [0, 0, "0-math.sin(query.anim_time*90*2-40)*2"]
				},
				"hair_right": {
					"rotation": [0, 0, "0-math.sin(query.anim_time*90*2)*2"]
				},
				"hair_right3": {
					"rotation": [0, 0, "0+math.sin(query.anim_time*90*2-40)*2"]
				},
				"hair_left2": {
					"rotation": [0, 0, "00-math.sin(query.anim_time*90*2-40)*1.5"]
				},
				"mouth": {
					"rotation": ["0+math.sin(query.anim_time*90*2-40)*2", 0, 0]
				},
				"tail": {
					"rotation": ["0+math.sin(query.anim_time*90*2-40)/3", 0, 0]
				}
			}
		},
		"animation.greavard.battle_idle": {
			"loop": true,
			"animation_length": 2,
			"bones": {
				"flame": {
					"scale": {
						"0.0": [1, 1, 1],
						"0.25": {"pre": [1, 1, 1], "post": [0.001, 0.001, 0.001]},
						"0.5833": {"pre": [0.001, 0.001, 0.001], "post": [0.001, 0.001, 0.001]},
						"0.875": {"pre": [0.001, 0.001, 0.001], "post": [1, 1, 1]},
						"1.25": {"pre": [1, 1, 1], "post": [0.001, 0.001, 0.001]},
						"1.5": {"pre": [0.001, 0.001, 0.001], "post": [0.001, 0.001, 0.001]}
					}
				},
				"leg_left_back": {
					"rotation": [0, -5, 0]
				},
				"leg_left_front": {
					"rotation": ["0+math.sin(query.anim_time*90*2-40)/3", -5, 0]
				},
				"flame2": {
					"scale": {
						"0.0": [0.001, 0.001, 0.001],
						"0.3333": {"pre": [0.001, 0.001, 0.001], "post": [1, 1, 1]},
						"0.7917": {"pre": [1, 1, 1], "post": [0.001, 0.001, 0.001]},
						"1.1667": {"pre": [0.001, 0.001, 0.001], "post": [0.001, 0.001, 0.001]},
						"1.6667": {"pre": [0.001, 0.001, 0.001], "post": [1, 1, 1]},
						"2.0": {"pre": [1, 1, 1], "post": [0.001, 0.001, 0.001]}
					}
				},
				"flame3": {
					"scale": {
						"0.0": [0.001, 0.001, 0.001],
						"0.3333": {"pre": [0.001, 0.001, 0.001], "post": [0.001, 0.001, 0.001]},
						"0.7917": {"pre": [0.001, 0.001, 0.001], "post": [1, 1, 1]},
						"1.1667": {"pre": [1, 1, 1], "post": [0.001, 0.001, 0.001]},
						"1.6667": {"pre": [0.001, 0.001, 0.001], "post": [0.001, 0.001, 0.001]},
						"2.0": {"pre": [0.001, 0.001, 0.001], "post": [1, 1, 1]}
					}
				},
				"flames": {
					"rotation": {
						"0.5": [0, 0, 0],
						"0.875": [-11.43345, 1.24368, 6.12549],
						"1.4583": [1.56655, 1.24368, 6.12549],
						"2.0": [0, 0, 0]
					}
				},
				"stomach": {
					"position": [0, "0+math.sin(query.anim_time*90*4)/7", 0]
				},
				"head": {
					"rotation": ["0+math.sin(query.anim_time*90*4)*2", 0, 0],
					"position": [0, "0-math.sin(query.anim_time*90*2-40)/7", 0]
				},
				"hair_left": {
					"rotation": [0, 0, "0+math.sin(query.anim_time*90*4)*2"]
				},
				"hair_left3": {
					"rotation": [0, 0, "0-math.sin(query.anim_time*90*2-40)*2"]
				},
				"hair_right": {
					"rotation": [0, 0, "0-math.sin(query.anim_time*90*4)*2"]
				},
				"hair_right3": {
					"rotation": [0, 0, "0+math.sin(query.anim_time*90*4-40)*2"]
				},
				"mouth": {
					"rotation": ["0+math.sin(query.anim_time*90*4-40)*2", 0, 0]
				},
				"tail": {
					"rotation": ["0+math.sin(query.anim_time*90*4-40)*5", 0, 0]
				},
				"body": {
					"position": [0, 1, 0]
				}
			}
		},
		"animation.greavard.ground_walk": {
			"loop": true,
			"animation_length": 2,
			"bones": {
				"flame": {
					"scale": {
						"0.0": [1, 1, 1],
						"0.25": {"pre": [1, 1, 1], "post": [0.001, 0.001, 0.001]},
						"0.5833": {"pre": [0.001, 0.001, 0.001], "post": [0.001, 0.001, 0.001]},
						"0.875": {"pre": [0.001, 0.001, 0.001], "post": [1, 1, 1]},
						"1.25": {"pre": [1, 1, 1], "post": [0.001, 0.001, 0.001]},
						"1.5": {"pre": [0.001, 0.001, 0.001], "post": [0.001, 0.001, 0.001]}
					}
				},
				"leg_left_back": {
					"position": [0, "0+math.clamp(math.sin(query.anim_time*90*2+90)*1+0,0,2)", "0-math.sin(query.anim_time*90*2)"]
				},
				"leg_left_front": {
					"position": [0, "0+math.clamp(math.sin(query.anim_time*90*2-45)*1+0,0,2)", "0+math.sin(query.anim_time*90*2)"]
				},
				"flame2": {
					"scale": {
						"0.0": [0.001, 0.001, 0.001],
						"0.3333": {"pre": [0.001, 0.001, 0.001], "post": [1, 1, 1]},
						"0.7917": {"pre": [1, 1, 1], "post": [0.001, 0.001, 0.001]},
						"1.1667": {"pre": [0.001, 0.001, 0.001], "post": [0.001, 0.001, 0.001]},
						"1.6667": {"pre": [0.001, 0.001, 0.001], "post": [1, 1, 1]},
						"2.0": {"pre": [1, 1, 1], "post": [0.001, 0.001, 0.001]}
					}
				},
				"flame3": {
					"scale": {
						"0.0": [0.001, 0.001, 0.001],
						"0.3333": {"pre": [0.001, 0.001, 0.001], "post": [0.001, 0.001, 0.001]},
						"0.7917": {"pre": [0.001, 0.001, 0.001], "post": [1, 1, 1]},
						"1.1667": {"pre": [1, 1, 1], "post": [0.001, 0.001, 0.001]},
						"1.6667": {"pre": [0.001, 0.001, 0.001], "post": [0.001, 0.001, 0.001]},
						"2.0": {"pre": [0.001, 0.001, 0.001], "post": [1, 1, 1]}
					}
				},
				"flames": {
					"rotation": {
						"0.5": [0, 0, 0],
						"0.875": [-11.43345, 1.24368, 6.12549],
						"1.4583": [1.56655, 1.24368, 6.12549],
						"2.0": [0, 0, 0]
					}
				},
				"stomach": {
					"position": [0, "0+math.sin(query.anim_time*90*2)/7", 0]
				},
				"head": {
					"rotation": ["0+math.sin(query.anim_time*90*2)*2", 0, 0],
					"position": [0, "0-math.sin(query.anim_time*90*2-40)/7", 0]
				},
				"hair_left": {
					"rotation": [0, 0, "0+math.sin(query.anim_time*90*2)*2"]
				},
				"hair_left3": {
					"rotation": [0, 0, "0-math.sin(query.anim_time*90*2-40)*2"]
				},
				"hair_right": {
					"rotation": [0, 0, "0-math.sin(query.anim_time*90*2)*2"]
				},
				"hair_right3": {
					"rotation": [0, 0, "0+math.sin(query.anim_time*90*2-40)*2"]
				},
				"hair_left2": {
					"rotation": [0, 0, "00-math.sin(query.anim_time*90*2-40)*1.5"]
				},
				"mouth": {
					"rotation": ["0+math.sin(query.anim_time*90*2-40)*2", 0, 0]
				},