{
	"format_version": "1.8.0",
	"animations": {
		"render": {
			"loop": true,
			"bones": {
				"body": {
					"rotation": [-10, 0, 0]
				},
				"stomach": {
					"rotation": [-5, 0, 0]
				},
				"chest": {
					"rotation": [10.00933, -2.462, -0.43439]
				},
				"neck": {
					"rotation": [0.04612, 2.61881, -1.07878]
				},
				"neck2": {
					"rotation": [7.50706, -2.4786, -0.32652]
				},
				"neck3": {
					"rotation": [7.56397, -7.43547, -0.98448]
				},
				"neck4": {
					"rotation": [-12.54624, -4.88119, 1.08482]
				},
				"leg_left2": {
					"rotation": [-17.5, 0, 0]
				},
				"leg_left": {
					"rotation": [38.0329, -6.91437, -8.8037]
				},
				"leg_left3": {
					"rotation": [22.5, 0, 0]
				},
				"leg_left4": {
					"rotation": [-32.27733, 4.02155, 6.33586]
				},
				"leg_left6": {
					"rotation": [-30, 0, 0]
				},
				"leg_left5": {
					"rotation": [27.5, 0, 0]
				},
				"leg_right": {
					"rotation": [30.5329, 6.91437, 8.8037]
				},
				"leg_right2": {
					"rotation": [-32.5, 0, 0]
				},
				"leg_right3": {
					"rotation": [7.5, 0, 0]
				},
				"leg_right4": {
					"rotation": [-27.27733, -4.02155, -6.33586]
				},
				"leg_right5": {
					"rotation": [35, 0, 0]
				},
				"leg_right6": {
					"rotation": [-12.5, 0, 0]
				},
				"arm_left": {
					"rotation": [-5.85463, -13.83447, 23.21088]
				},
				"arm_left2": {
					"rotation": [12.45891, 27.51235, 25.56145]
				},
				"arm_left3": {
					"rotation": [30.99293, 51.18666, 37.62925]
				},
				"arm_right": {
					"rotation": [-5.85463, 13.83447, -23.21088]
				},
				"arm_right2": {
					"rotation": [12.45891, -27.51235, -25.56145]
				},
				"arm_right3": {
					"rotation": [30.99293, -51.18666, -37.62925]
				},
				"wing_left": {
					"rotation": [-20, 0, 0]
				},
				"wing_right2": {
					"rotation": [-12.5, 0, 0]
				},
				"neck5": {
					"rotation": [0, -15, 0]
				},
				"head": {
					"rotation": [0, -2.5, 0]
				},
				"eyelid_left": {
					"position": [0, 0, 0]
				},
				"eyelid_right": {
					"position": [0, 0, 0]
				}
			}
		},
		"animation.kyurem.ground_idle": {
			"loop": true,
			"bones": {
				"body": {
					"rotation": [-10, 0, 0]
				},
				"stomach": {
					"rotation": [-5, 0, 0]
				},
				"chest": {
					"rotation": [10.00933, -2.462, -0.43439]
				},
				"neck": {
					"rotation": [0.04612, 2.61881, -1.07878]
				},
				"neck2": {
					"rotation": [7.50706, -2.4786, -0.32652]
				},
				"neck3": {
					"rotation": [7.56397, -7.43547, -0.98448]
				},
				"neck4": {
					"rotation": [-12.54624, -4.88119, 1.08482]
				},
				"leg_left2": {
					"rotation": [-17.5, 0, 0]
				},
				"leg_left": {
					"rotation": [38.0329, -6.91437, -8.8037]
				},
				"leg_left3": {
					"rotation": [22.5, 0, 0]
				},
				"leg_left4": {
					"rotation": [-32.27733, 4.02155, 6.33586]
				},
				"leg_left6": {
					"rotation": [-30, 0, 0]
				},
				"leg_left5": {
					"rotation": [27.5, 0, 0]
				},
				"leg_right": {
					"rotation": [30.5329, 6.91437, 8.8037]
				},
				"leg_right2": {
					"rotation": [-32.5, 0, 0]
				},
				"leg_right3": {
					"rotation": [7.5, 0, 0]
				},
				"leg_right4": {
					"rotation": [-27.27733, -4.02155, -6.33586]
				},
				"leg_right5": {
					"rotation": [35, 0, 0]
				},
				"leg_right6": {
					"rotation": [-12.5, 0, 0]
				},
				"arm_left": {
					"rotation": [-5.85463, -13.83447, 23.21088]
				},
				"arm_left2": {
					"rotation": [12.45891, 27.51235, 25.56145]
				},
				"arm_left3": {
					"rotation": [30.99293, 51.18666, 37.62925]
				},
				"arm_right": {
					"rotation": [-5.85463, 13.83447, -23.21088]
				},
				"arm_right2": {
					"rotation": [12.45891, -27.51235, -25.56145]
				},
				"arm_right3": {
					"rotation": [30.99293, -51.18666, -37.62925]
				},
				"wing_left": {
					"rotation": [-20, 0, 0]
				},
				"wing_right2": {
					"rotation": [-12.5, 0, 0]
				},
				"neck5": {
					"rotation": [0, -15, 0]
				},
				"head": {
					"rotation": [0, -2.5, 0]
				},
				"eyelid_left": {
					"position": [0, 0, 0]
				},
				"eyelid_right": {
					"position": [0, 0, 0]
				}
			}
		},
		"animation.kyurem.ground_walk": {
			"loop": true,
			"bones": {
				"body": {
					"rotation": [-10, 0, 0]
				},
				"stomach": {
					"rotation": [-5, 0, 0]
				},
				"chest": {
					"rotation": [10.00933, -2.462, -0.43439]
				},
				"neck": {
					"rotation": [0.04612, 2.61881, -1.07878]
				},
				"neck2": {
					"rotation": [7.50706, -2.4786, -0.32652]
				},
				"neck3": {
					"rotation": [7.56397, -7.43547, -0.98448]
				},
				"neck4": {
					"rotation": [-12.54624, -4.88119, 1.08482]
				},
				"leg_left2": {
					"rotation": [-17.5, 0, 0]
				},
				"leg_left": {
					"rotation": [38.0329, -6.91437, -8.8037]
				},
				"leg_left3": {
					"rotation": [22.5, 0, 0]
				},
				"leg_left4": {
					"rotation": [-32.27733, 4.02155, 6.33586]
				},
				"leg_left6": {
					"rotation": [-30, 0, 0]
				},
				"leg_left5": {
					"rotation": [27.5, 0, 0]
				},
				"leg_right": {
					"rotation": [30.5329, 6.91437, 8.8037]
				},
				"leg_right2": {
					"rotation": [-32.5, 0, 0]
				},
				"leg_right3": {
					"rotation": [7.5, 0, 0]
				},
				"leg_right4": {
					"rotation": [-27.27733, -4.02155, -6.33586]
				},
				"leg_right5": {
					"rotation": [35, 0, 0]
				},
				"leg_right6": {
					"rotation": [-12.5, 0, 0]
				},
				"arm_left": {
					"rotation": [-5.85463, -13.83447, 23.21088]
				},
				"arm_left2": {
					"rotation": [12.45891, 27.51235, 25.56145]
				},
				"arm_left3": {
					"rotation": [30.99293, 51.18666, 37.62925]
				},
				"arm_right": {
					"rotation": [-5.85463, 13.83447, -23.21088]
				},
				"arm_right2": {
					"rotation": [12.45891, -27.51235, -25.56145]
				},
				"arm_right3": {
					"rotation": [30.99293, -51.18666, -37.62925]
				},
				"wing_left": {
					"rotation": [-20, 0, 0]
				},
				"wing_right2": {
					"rotation": [-12.5, 0, 0]
				},
				"neck5": {
					"rotation": [0, -15, 0]
				},
				"head": {
					"rotation": [0, -2.5, 0]
				},
				"eyelid_left": {
					"position": [0, 0, 0]
				},
				"eyelid_right": {
					"position": [0, 0, 0]
				}
			}
		}
	}
}