{
	"format_version": "1.8.0",
	"animations": {
		"animation.slakoth.ground_idle": {
			"animation_length": 0.625,
			"bones": {
				"chest": {
					"rotation": [0, -5, 0]
				},
				"stomach": {
					"rotation": [5.04292, 7.4713, 0.6574]
				},
				"legs": {
					"rotation": [0, 12.5, 0],
					"position": [0.8, 0, 0]
				},
				"left_leg": {
					"rotation": [12.5, -30, 5],
					"position": [0, 0.35, 0]
				},
				"left_leg2": {
					"rotation": [0, -20, 0]
				},
				"claw_left2": {
					"rotation": [1.57029, -24.77891, -0.28499]
				},
				"claw_left": {
					"rotation": [0.07539, -21.65917, 2.77517]
				},
				"hair": {
					"rotation": [-56.87402, 10.51794, 6.79286]
				},
				"hair2": {
					"rotation": [-34.76905, -4.29357, -6.15518]
				},
				"head": {
					"rotation": [-17.64168, -7.15102, 2.26708]
				},
				"arm_left": {
					"rotation": [0, -5, 0]
				},
				"arm_left2": {
					"rotation": [0, -7.5, 0]
				},
				"arm_left3": {
					"rotation": [0.98448, 7.43547, 7.56397]
				},
				"claw_arm_left": {
					"rotation": [0, 0, 0]
				},
				"claw_arm_left2": {
					"rotation": [-0.02191, -2.4362, 1.52292]
				},
				"arm_right": {
					"rotation": [-137.28247, 2.66967, 59.87691],
					"position": [-1, 0, -1]
				},
				"arm_right2": {
					"rotation": [-5.08269, 5.52235, -42.74529]
				},
				"arm_right3": {
					"rotation": [6.33304, -14.23455, -56.3316]
				},
				"claw_arm_right": {
					"rotation": [-0.06397, -7.43547, -69.01552]
				},
				"claw_arm_right2": {
					"rotation": [-4.04458, -5.09636, -57.51696]
				},
				"mouth": {
					"position": [0, -0.2, 0]
				},
				"right_leg": {
					"rotation": [12.5, 30, -5]
				},
				"right_leg2": {
					"rotation": [0, 20, 0]
				}
			}
		},
		"animation.slakoth.ground_walk": {
			"animation_length": 0.625,
			"bones": {
				"chest": {
					"rotation": [0, -5, 0]
				},
				"stomach": {
					"rotation": [5.04292, 7.4713, 0.6574]
				},
				"legs": {
					"rotation": [0, 12.5, 0],
					"position": [0.8, 0, 0]
				},
				"left_leg": {
					"rotation": [12.5, -30, 5],
					"position": [0, 0.35, 0]
				},
				"left_leg2": {
					"rotation": [0, -20, 0]
				},
				"claw_left2": {
					"rotation": [1.57029, -24.77891, -0.28499]
				},
				"claw_left": {
					"rotation": [0.07539, -21.65917, 2.77517]
				},
				"hair": {
					"rotation": [-56.87402, 10.51794, 6.79286]
				},
				"hair2": {
					"rotation": [-34.76905, -4.29357, -6.15518]
				},
				"head": {
					"rotation": [-17.64168, -7.15102, 2.26708]
				},
				"arm_left": {
					"rotation": [0, -5, 0]
				},
				"arm_left2": {
					"rotation": [0, -7.5, 0]
				},
				"arm_left3": {
					"rotation": [0.98448, 7.43547, 7.56397]
				},
				"claw_arm_left": {
					"rotation": [0, 0, 0]
				},
				"claw_arm_left2": {
					"rotation": [-0.02191, -2.4362, 1.52292]
				},
				"arm_right": {
					"rotation": [-137.28247, 2.66967, 59.87691],
					"position": [-1, 0, -1]
				},
				"arm_right2": {
					"rotation": [-5.08269, 5.52235, -42.74529]
				},
				"arm_right3": {
					"rotation": [6.33304, -14.23455, -56.3316]
				},
				"claw_arm_right": {
					"rotation": [-0.06397, -7.43547, -69.01552]
				},
				"claw_arm_right2": {
					"rotation": [-4.04458, -5.09636, -57.51696]
				},
				"mouth": {
					"position": [0, -0.2, 0]
				},
				"right_leg": {
					"rotation": [12.5, 30, -5]
				},
				"right_leg2": {
					"rotation": [0, 20, 0]
				}
			}
		}
	}
}