{
	"format_version": "1.8.0",
	"animations": {
		"animation.snorunt.ground_idle": {
			"loop": true,
			"animation_length": 0.375,
			"bones": {
				"shell": {
					"rotation": {
						"0.0": [0, 0, 0],
						"0.0417": [0, 2.5, 0],
						"0.125": [0, -2.5, 0],
						"0.2083": [0, 2.5, 0],
						"0.2917": [0, -2.5, 0],
						"0.375": [0, 0, 0]
					}
				},
				"torso": {
					"rotation": {
						"0.0": [0, 0, 0],
						"0.1667": [-2.5, 0, 0],
						"0.375": [0, 0, 0]
					}
				},
				"left_arm": {
					"rotation": {
						"0.0": [0, 0, 0],
						"0.1667": [2.50954, 4.99523, 0.21865],
						"0.375": [0, 0, 0]
					}
				},
				"right_arm": {
					"rotation": {
						"0.0": [0, 0, 0],
						"0.1667": [-2.5, -2.5, 0],
						"0.375": [0, 0, 0]
					}
				},
				"left_leg": {
					"rotation": {
						"0.0": [0, -17.5, 0],
						"0.1667": [-5, -17.5, 0],
						"0.375": [0, -17.5, 0]
					}
				},
				"right_leg": {
					"rotation": [0, 30, 0]
				}
			}
		},
		"animation.snorunt.ground_walk": {
			"loop": true,
			"animation_length": 0.375,
			"bones": {
				"shell": {
					"rotation": {
						"0.0": [0, 0, 0],
						"0.0417": [0, 2.5, 0],
						"0.125": [0, -2.5, 0],
						"0.2083": [0, 2.5, 0],
						"0.2917": [0, -2.5, 0],
						"0.375": [0, 0, 0]
					}
				},
				"torso": {
					"rotation": {
						"0.0": [0, 0, 0],
						"0.1667": [-2.5, 0, 0],
						"0.375": [0, 0, 0]
					}
				},
				"left_arm": {
					"rotation": {
						"0.0": [0, 0, 0],
						"0.1667": [2.50954, 4.99523, 0.21865],
						"0.375": [0, 0, 0]
					}
				},
				"right_arm": {
					"rotation": {
						"0.0": [0, 0, 0],
						"0.1667": [-2.5, -2.5, 0],
						"0.375": [0, 0, 0]
					}
				},
				"left_leg": {
					"rotation": {
						"0.0": [0, -17.5, 0],
						"0.1667": [-5, -17.5, 0],
						"0.375": [0, -17.5, 0]
					}
				},
				"right_leg": {
					"rotation": [0, 30, 0]
				}
			}
		}
	}
}