{
	"format_version": "1.8.0",
	"animations": {
		"animation.enamorus_therian.ground_idle": {
			"loop": true,
			"bones": {
				"tail2": {
					"rotation": [14.9652, -24.7978, 0.3598]
				},
				"tail3": {
					"rotation": [-17.5181, -3.9922, 3.5827]
				},
				"tail4": {
					"rotation": [0.7829, -27.4897, 0.204]
				},
				"tail5": {
					"rotation": [0.6761, -19.9912, 0.1016]
				},
				"tail6": {
					"rotation": [0.7829, -27.4897, 0.204]
				},
				"tail7": {
					"rotation": [1.1557, -37.4848, 0.4095]
				},
				"tail8": {
					"rotation": [-3.9312, -24.9864, 0.1176]
				},
				"tail9": {
					"rotation": [0.701, -24.9908, 0.1667]
				},
				"tail10": {
					"rotation": [4.2775, -69.9435, 2.9334]
				},
				"tail11": {
					"rotation": [-0.4735, -17.4938, 0.0807]
				},
				"tail12": {
					"rotation": [-11.3276, -58.6076, 13.6083]
				},
				"tail13": {
					"rotation": [-35.2534, -49.5448, 24.7805]
				},
				"tail14": {
					"rotation": [6.6717, -45.27, 4.8497]
				},
				"tail15": {
					"rotation": [-15, -55, 0]
				},
				"tail16": {
					"rotation": [0, -75, 0]
				},
				"tail17": {
					"rotation": [-4.9623, -44.9967, 14.1598]
				},
				"tail18": {
					"rotation": [11.2775, -54.6884, -5.4763]
				},
				"tail19": {
					"rotation": [-2.2181, -59.3027, 12.5959]
				},
				"tail20": {
					"rotation": [8.8184, -19.9136, 15.1144]
				},
				"tail21": {
					"rotation": [100, 0, 0]
				},
				"tail22": {
					"rotation": [-82.10414, -11.51942, -14.5749]
				},
				"tail23": {
					"rotation": [-37.5, 0, 0]
				},
				"tail24": {
					"rotation": [-15, 0, 0]
				},
				"leg_left": {
					"rotation": [-20, -25, 0],
					"position": [1, 0, 0]
				},
				"neck": {
					"rotation": [10, 0, 0]
				},
				"neck2": {
					"rotation": [-30, 0, 0]
				},
				"neck3": {
					"rotation": [15, 0, 0]
				},
				"head_angle": {
					"rotation": [10, 0, 0]
				},
				"tail_cloud": {
					"rotation": [10, 0, 0]
				},
				"tail_cloud2": {
					"rotation": [-12.5, 0, 0]
				},
				"tail_cloud4": {
					"rotation": [7.5, 0, 0]
				},
				"tail_cloud5": {
					"rotation": [-5, 0, 0]
				},
				"arm_left": {
					"rotation": [12.5, 0, -50],
					"position": [1, 0, 0]
				},
				"elbow_left": {
					"rotation": [-35, 10, 0]
				},
				"hand_left": {
					"rotation": [0, 0, 5]
				},
				"fingers_left": {
					"rotation": [0, 0, 10]
				},
				"arm_right": {
					"rotation": [12.5, 0, 50],
					"position": [-1, 0, 0]
				},
				"elbow_right": {
					"rotation": [-35, -10, 0]
				},
				"hand_right": {
					"rotation": [0, 0, -5]
				},
				"fingers_right": {
					"rotation": [0, 0, -10]
				},
				"knee_left": {
					"rotation": [75, 0, 0],
					"position": [0, 0.23299, 3.10672]
				},
				"feet_left": {
					"rotation": [35, 0, 0]
				},
				"leg_right": {
					"rotation": [-20, 0, 0],
					"position": [-1, 0, 0]
				},
				"knee_right": {
					"rotation": [75, 0, 0],
					"position": [0, 0.23299, 3.10672]
				},
				"feet_right": {
					"rotation": [35, 0, 0]
				},
				"body": {
					"position": ["2*Math.cos(q.anim_time * 60)", "2*Math.cos(q.anim_time * 30)", 0]
				}
			}
		}
	}
}