{
	"format_version": "1.8.0",
	"animations": {
		"animation.rumblingchief.ground_idle": {
			"loop": true,
			"animation_length": 2,
			"bones": {
				"Body": {
					"position": {
						"0.0": [0, 0, 0],
						"0.75": [0, -0.5, 0],
						"1.0": [0, -0.75, 0],
						"1.25": [0, -0.5, 0],
						"2.0": [0, 0, 0]
					}
				},
				"Head": {
					"rotation": {
						"0.0": [1.46, 0, 0],
						"0.2083": [0, 0, 0],
						"0.7083": [3.5, 0, 0],
						"1.1667": [5, 0, 0],
						"1.25": [5, 0, 0],
						"1.7083": [3.5, 0, 0],
						"2.0": [1.46, 0, 0]
					}
				},
				"Jaw": {
					"rotation": {
						"0.0": [0, 0, 0],
						"0.7917": [9, 0, 0],
						"1.0": [10.75, 0, 0],
						"1.1667": [9, 0, 0],
						"1.625": [0, 0, 0]
					}
				},
				"Tail": {
					"rotation": {
						"0.0": [-15, 0, 0],
						"0.375": [-10, 0, 0],
						"1.375": [-22.5, 0, 0],
						"2.0": [-15, 0, 0]
					}
				},
				"Tail2": {
					"rotation": {
						"0.125": [10, 0, 0],
						"0.625": [17.5, 0, 0],
						"1.6667": [0, 0, 0],
						"2.0": [10, 0, 0]
					}
				},
				"Tail3": {
					"rotation": {
						"0.0": [10, 0, 0],
						"0.4167": [10, 0, 0],
						"0.9583": [22.5, 0, 0],
						"1.8333": [5, 0, 0],
						"2.0": [10, 0, 0]
					}
				},
				"Tail4": {
					"rotation": {
						"0.0": [-7.5, 0, 0],
						"1.0833": [17.5, 0, 0],
						"2.0": [-7.5, 0, 0]
					}
				},
				"LeftArm": {
					"rotation": [86.69065, -9.5457, 53.69549]
				},
				"LeftArm2": {
					"rotation": [0, 0, -35]
				},
				"LeftHand": {
					"rotation": [0, 0, -22.5]
				},
				"RightArm": {
					"rotation": [0, 22.5, 0]
				},
				"RightArm2": {
					"rotation": [0, -87.5, 0]
				},
				"Staff": {
					"rotation": [0, -107.5, 0],
					"position": {
						"0.0": [0, 0, 0],
						"0.75": [0, 0.5, 0],
						"1.0": [0, 0.75, 0],
						"1.25": [0, 0.5, 0],
						"2.0": [0, 0, 0]
					}
				},
				"LeftLeg": {
					"rotation": [0, -20, 0],
					"position": {
						"0.0": [0, 0, 0],
						"0.75": [0, 0.5, 0],
						"1.0": [0, 0.75, 0],
						"1.25": [0, 0.5, 0],
						"2.0": [0, 0, 0]
					}
				},
				"RightLeg": {
					"rotation": [0, 20, 0],
					"position": {
						"0.0": [0, 0, 0],
						"0.75": [0, 0.5, 0],
						"1.0": [0, 0.75, 0],
						"1.25": [0, 0.5, 0],
						"2.0": [0, 0, 0]
					}
				}
			}
		},
		"animation.rumblingchief.ground_walk": {
			"loop": true,
			"animation_length": 2,
			"bones": {
				"Body": {
					"position": {
						"0.0": [0, 0, 0],
						"0.5": [0, 0.5, 0],
						"1.0": [0, 0, 0],
						"1.5": [0, 0.5, 0],
						"2.0": [0, 0, 0]
					}
				},
				"Head": {
					"rotation": {
						"0.0": [0, 0, 0],
						"0.25": [2.5, 0, 0],
						"0.75": [-2.5, 0, 0],
						"1.0": [0, 0, 0],
						"1.25": [2.5, 0, 0],
						"1.75": [-2.5, 0, 0],
						"2.0": [0, 0, 0]
					}
				},
				"Tail": {
					"rotation": {
						"0.0": [-15, 0, 0],
						"0.5417": [-20, 0, 0],
						"0.75": [-12.5, 0, 0],
						"1.0": [-15, 0, 0],
						"1.5417": [-20, 0, 0],
						"1.75": [-12.5, 0, 0],
						"2.0": [-15, 0, 0]
					}
				},
				"Tail2": {
					"rotation": {
						"0.0": [10, 0, 0],
						"0.5833": [5, 0, 0],
						"0.7083": [0, 0, 0],
						"1.0": [10, 0, 0],
						"1.5833": [5, 0, 0],
						"1.7083": [0, 0, 0],
						"2.0": [10, 0, 0]
					}
				},
				"Tail3": {
					"rotation": {
						"0.0": [10, 0, 0],
						"0.7083": [7.5, 0, 0],
						"1.0": [10, 0, 0],
						"1.7083": [7.5, 0, 0],
						"2.0": [10, 0, 0]
					}
				},
				"Tail4": {
					"rotation": {
						"0.0": [-7.5, 0, 0],
						"0.25": [8.75, 0, 0],
						"0.5": [10, 0, 0],
						"0.7083": [-7.5, 0, 0],
						"1.0": [-7.5, 0, 0],
						"1.25": [8.75, 0, 0],
						"1.5": [10, 0, 0],
						"1.7083": [-7.5, 0, 0],
						"2.0": [-7.5, 0, 0]
					}
				},
				"LeftArm": {
					"rotation": {
						"0.0": [0, -27.5, 60],
						"0.625": [0, -45, 60],
						"1.0": [0, -27.5, 60],
						"1.6667": [0, -2.5, 60],
						"2.0": [0, -27.5, 60]
					}
				},
				"LeftArm2": {
					"rotation": [0, 62.5, 0]
				},
				"LeftHand": {
					"rotation": [0, 20, 0]
				},
				"RightArm": {
					"rotation": {
						"0.0": [0, -30, 0],
						"0.75": [0, -7.5, 0],
						"1.25": [-12.5, -30, 0],
						"2.0": [0, -30, 0]
					}
				},
				"RightArm2": {
					"rotation": {
						"0.0": [0, -37.5, 0],
						"0.75": [0, -57.5, 0],
						"1.25": [5, -57.5, 0],
						"2.0": [0, -37.5, 0]
					}
				},
				"Staff": {
					"rotation": [0, 65, 0]
				},
				"LeftLeg": {
					"rotation": {
						"0.0": [0, 0, 0],
						"0.7083": [-15, 0, 0],
						"1.0": [-3.33, 0, 0],
						"1.0833": [0, 0, 0],
						"1.75": [15, 0, 0],
						"2.0": [0, 0, 0]
					},
					"position": {
						"0.0": [0, 0.5, -1],
						"0.5": [0, 1, -1],
						"1.0": [0, 0, -1.5],
						"1.75": [0, 0, 0],
						"2.0": [0, 0.5, -1]
					}
				},
				"RightLeg": {
					"rotation": {
						"0.0": [-3.33, 0, 0],
						"0.0833": [0, 0, 0],
						"0.75": [15, 0, 0],
						"1.0": [0, 0, 0],
						"1.5": [-15, 0, 0],
						"1.7083": [-15, 0, 0],
						"2.0": [-3.33, 0, 0]
					},
					"position": {
						"0.0": [0, 0, -1.5],
						"0.75": [0, 0, 0],
						"1.0": [0, 0.5, -1],
						"1.5": [0, 1, -1],
						"2.0": [0, 0, -1.5]
					}
				}
			}
		},
		"animation.rumblingchief.sleep": {
			"loop": true,
			"animation_length": 3.5,
			"bones": {
				"Body": {
					"position": [0, -2, 0]
				},
				"Head": {
					"rotation": {
						"0.0": {
							"post": [12.5, 0, 0],
							"lerp_mode": "catmullrom"
						},
						"1.0": {
							"post": [25, 0, 0],
							"lerp_mode": "catmullrom"
						},
						"3.5": {
							"post": [12.5, 0, 0],
							"lerp_mode": "catmullrom"
						}
					}
				},
				"Jaw": {
					"rotation": {
						"0.0": {
							"post": [22.5, 0, 0],
							"lerp_mode": "catmullrom"
						},
						"1.0": {
							"post": [0, 0, 0],
							"lerp_mode": "catmullrom"
						},
						"3.5": {
							"post": [22.5, 0, 0],
							"lerp_mode": "catmullrom"
						}
					}
				},
				"Tail": {
					"rotation": [-25, 0, 0]
				},
				"Tail2": {
					"rotation": [12.5, 0, 0]
				},
				"Tail3": {
					"rotation": [12.5, 0, 0]
				},
				"Tail4": {
					"rotation": [-7.5, 0, 0]
				},
				"LeftArm": {
					"rotation": [0, 0, 62.5]
				},
				"LeftArm2": {
					"rotation": [0, 15, 0]
				},
				"RightArm": {
					"rotation": [90, 0, -55]
				},
				"RightArm2": {
					"rotation": [0, 0, 97.5]
				},
				"RightHand": {
					"rotation": [75, 0, 0]
				},
				"LeftLeg": {
					"rotation": [75, 0, 0]
				},
				"RightLeg": {
					"position": [0, 2, -2]
				},
				"LeftEye": {
					"position": [-0.25, 0, 0]
				},
				"RightEye": {
					"position": [0.25, 0, 0]
				}
			}
		},
		"animation.rumblingchief.faint": {
			"animation_length": 4,
			"bones": {
				"Body": {
					"rotation": {
						"0.0": [0, 0, 0],
						"2.0": [0, 0, 0],
						"3.0": [10, 0, 0],
						"3.625": [60, 0, 0],
						"3.75": [90, 0, 0],
						"3.875": [87.5, 0, 0],
						"3.9583": [90, 0, 0]
					},
					"position": {
						"0.0": [0, 0, 0],
						"2.0": [0, 0, 0],
						"3.0": [0, 0.5, -1],
						"3.375": [0, 2, -3.5],
						"3.625": [0, 1.5, -6],
						"3.75": [0, -1.5, -6],
						"3.875": [0, -1.5, -5.75],
						"3.9583": [0, -1.5, -6]
					}
				},
				"Head": {
					"rotation": {
						"0.0": [1.46, 0, 0],
						"0.5": [23.96, 0, 0],
						"1.0": [-43.54, 0, 0],
						"1.0417": [-41.04, 0, 0],
						"1.0833": [-43.63, 0, 0],
						"1.125": [-41.04, 0, 0],
						"1.1667": [-43.63, 0, 0],
						"1.2083": [-41.04, 0, 0],
						"1.25": [-43.63, 0, 0],
						"1.2917": [-41.04, 0, 0],
						"1.3333": [-43.63, 0, 0],
						"1.4167": [-41.04, 0, 0],
						"1.5": [-43.63, 0, 0],
						"1.5833": [-41.04, 0, 0],
						"1.6667": [-43.63, 0, 0],
						"1.75": [-41, 0, 0],
						"1.9167": [-43.63, 0, 0],
						"2.0833": [-41.04, 0, 0],
						"2.25": [-43.63, 0, 0],
						"2.4167": [-41, 0, 0],
						"2.75": [-43.63, 0, 0],
						"3.0833": [-41.04, 0, 0],
						"3.4167": [-43.63, 0, 0],
						"3.75": [-71, 0, 0]
					},