{
	"format_version": "1.8.0",
	"animations": {
		"animation.saurpod.ground_idle": {
			"loop": true,
			"animation_length": 2,
			"bones": {
				"neck1": {
					"rotation": {
						"0.0": [0, 0, 0],
						"1.0": [10, 0, 0],
						"2.0": [0, 0, 0]
					},
					"position": {
						"0.0": [0, 0, 0],
						"1.0": [0, 0, -1],
						"2.0": [0, 0, 0]
					}
				},
				"neck2": {
					"rotation": {
						"0.0": [5, 0, 0],
						"1.0": [-7.5, 0, 0],
						"2.0": [5, 0, 0]
					}
				},
				"head": {
					"rotation": {
						"0.0": [0, 0, 0],
						"1.0": [0, 0, 5],
						"2.0": [0, 0, 0]
					}
				},
				"tail1": {
					"rotation": {
						"0.0": [0, 5, 0],
						"0.5": [0, -15, 0],
						"1.0": [0, -5, 0],
						"1.5": [0, 15, 0],
						"2.0": [0, 5, 0]
					}
				},
				"tail2": {
					"rotation": {
						"0.0": [0, 17.5, 0],
						"0.5": [0, 17.5, 0],
						"1.0": [0, -17.5, 0],
						"1.5": [0, -17.5, 0],
						"2.0": [0, 17.5, 0]
					}
				},
				"tail3": {
					"rotation": {
						"0.0": [0, 12.5, 0],
						"0.5": [0, 12.5, 0],
						"1.0": [0, -12.5, 0],
						"1.5": [0, -12.5, 0],
						"2.0": [0, 12.5, 0]
					}
				},
				"tail4": {
					"rotation": {
						"0.0": [0, 20, 0],
						"0.5": [0, 20, 0],
						"1.0": [0, -20, 0],
						"1.5": [0, -20, 0],
						"2.0": [0, 20, 0]
					}
				},
				"bone5": {
					"rotation": {
						"0.0": [0, 15, 0],
						"0.5": [0, 15, 0],
						"1.0": [0, -15, 0],
						"1.5": [0, -15, 0],
						"2.0": [0, 15, 0]
					}
				}
			}
		},
		"animation.saurpod.ground_walk": {
			"loop": true,
			"animation_length": 2,
			"bones": {
				"neck1": {
					"rotation": {
						"0.0": [0, 0, -2.5],
						"1.0": [9.97911, -1.05627, 2.26603],
						"2.0": [0, 0, -2.5]
					},
					"position": {
						"0.0": [0, 0, 0],
						"1.0": [0, 0, -1],
						"2.0": [0, 0, 0]
					}
				},
				"neck2": {
					"rotation": {
						"0.0": [5, 0, 0],
						"1.0": [-7.5, 0, 0],
						"2.0": [5, 0, 0]
					}
				},
				"head": {
					"rotation": {
						"0.0": [0, 0, 0],
						"1.0": [0, 0, 5],
						"2.0": [0, 0, 0]
					}
				},
				"tail1": {
					"rotation": {
						"0.0": [0, 5, 0],
						"0.5": [0, -15, 0],
						"1.0": [0, -5, 0],
						"1.5": [0, 15, 0],
						"2.0": [0, 5, 0]
					}
				},
				"tail2": {
					"rotation": {
						"0.0": [0, 17.5, 0],
						"0.5": [0, 17.5, 0],
						"1.0": [0, -17.5, 0],
						"1.5": [0, -17.5, 0],
						"2.0": [0, 17.5, 0]
					}
				},
				"tail3": {
					"rotation": {
						"0.0": [0, 12.5, 0],
						"0.5": [0, 12.5, 0],
						"1.0": [0, -12.5, 0],
						"1.5": [0, -12.5, 0],
						"2.0": [0, 12.5, 0]
					}
				},
				"tail4": {
					"rotation": {
						"0.0": [0, 20, 0],
						"0.5": [0, 20, 0],
						"1.0": [0, -20, 0],
						"1.5": [0, -20, 0],
						"2.0": [0, 20, 0]
					}
				},
				"bone5": {
					"rotation": {
						"0.0": [0, 15, 0],
						"0.5": [0, 15, 0],
						"1.0": [0, -15, 0],
						"1.5": [0, -15, 0],
						"2.0": [0, 15, 0]
					}
				},
				"body": {
					"rotation": {
						"0.0": [0, 0, 2.5],
						"0.5": [-2.5, 0, 0],
						"1.0": [-5, 0, -2.5],
						"1.5": [-2.5, 0, 0],
						"2.0": [0, 0, 2.5]
					}
				},
				"rightfrontleg": {
					"rotation": {
						"0.0": [-22.5, 0, 0],
						"0.5": [2.5, 0, 0],
						"1.0": [27.5, 0, 0],
						"1.25": [45, 0, 0],
						"2.0": [-22.5, 0, 0]
					},
					"position": {
						"0.0": [0, -4, 0],
						"0.5": [0, -3, 2],
						"1.0": [0, -4, 3],
						"2.0": [0, -4, 0]
					}
				},
				"bone": {
					"rotation": {
						"0.0": [-5, 0, 0],
						"1.0": [22.5, 0, 0],
						"1.25": [-53.75, 0, 0],
						"1.5": [-55, 0, 0],
						"2.0": [-5, 0, 0]
					}
				},
				"bone2": {
					"rotation": {
						"0.0": [7.5, 0, 0],
						"0.5": [-12.5, 0, 0],
						"1.0": [-25, 0, 0],
						"1.5": [32.5, 0, 0],
						"2.0": [7.5, 0, 0]
					},
					"position": [0, 1, 0]
				},
				"leftfrontleg": {
					"rotation": {
						"0.0": [27.5, 0, 0],
						"0.25": [45, 0, 0],
						"1.0": [-22.5, 0, 0],
						"1.5": [2.5, 0, 0],
						"2.0": [27.5, 0, 0]
					},
					"position": {
						"0.0": [0, -4, 3],
						"1.0": [0, -4, 0],
						"1.5": [0, -3, 2],
						"2.0": [0, -4, 3]
					}
				},
				"bone3": {
					"rotation": {
						"0.0": [22.5, 0, 0],
						"0.25": [-53.75, 0, 0],
						"0.5": [-55, 0, 0],
						"1.0": [-5, 0, 0],
						"2.0": [22.5, 0, 0]
					}
				},
				"bone4": {
					"rotation": {
						"0.0": [-25, 0, 0],
						"0.5": [32.5, 0, 0],
						"1.0": [7.5, 0, 0],
						"1.5": [-12.5, 0, 0],
						"2.0": [-25, 0, 0]
					},
					"position": [0, 1, 0]
				},
				"rightbackleg": {
					"rotation": {
						"0.0": [45, 0, 0],
						"0.5": [2.5, 0, 0],
						"1.0": [-27.5, 0, 0],
						"1.5": [-27.5, 0, 0],
						"2.0": [45, 0, 0]
					}
				},
				"rightbackleg2": {
					"rotation": {
						"0.0": [-17.5, 0, 0],
						"0.5": [25, 0, 0],
						"1.0": [25, 0, 0],
						"1.5": [5, 0, 0],
						"2.0": [-17.5, 0, 0]
					},
					"position": {
						"0.0": [0, -4, 0],
						"0.5": [0, 5, 0],
						"1.0": [0, 5, 0],
						"1.5": [0, 0, 0],
						"2.0": [0, -4, 0]
					}
				},
				"leftbackleg": {
					"rotation": {
						"0.0": [-27.5, 0, 0],
						"0.5": [-27.5, 0, 0],
						"1.0": [45, 0, 0],
						"1.5": [2.5, 0, 0],
						"2.0": [-27.5, 0, 0]
					}
				},
				"leftbackleg2": {
					"rotation": {
						"0.0": [25, 0, 0],
						"0.5": [5, 0, 0],
						"1.0": [-17.5, 0, 0],
						"1.5": [25, 0, 0],
						"2.0": [25, 0, 0]
					},
					"position": {
						"0.0": [0, 5, 0],
						"0.5": [0, 0, 0],
						"1.0": [0, -4, 0],
						"1.5": [0, 5, 0],
						"2.0": [0, 5, 0]
					}
				}
			}
		},
		"animation.saurpod.sleep": {
			"loop": true,
			"animation_length": 2,
			"bones": {
				"body": {
					"position": [0, -17, 0]
				},
				"neck1": {
					"rotation": {
						"0.0": [42.42245, -0.763, 3.45175],
						"1.0": [39.85923, 3.4496, 0.75709],
						"2.0": [42.42245, -0.763, 3.45175]
					},
					"position": {
						"0.0": [0, 0, -3],
						"2.0": [0, 0, -3]
					}
				},
				"neck2": {
					"rotation": {
						"0.0": [-64.21712, 8.44624, -11.33916],
						"1.0": [-56.71712, 8.44624, -11.33916],
						"2.0": [-64.21712, 8.44624, -11.33916]
					},
					"position": {
						"0.375": [0, -2, -3],
						"2.0": [0, -2, -3]
					}
				},
				"head": {
					"rotation": {
						"0.0": [25.0416, 10.17137, 5.87198],
						"1.0": [20.0416, 10.17137, 5.87198],
						"2.0": [25.0416, 10.17137, 5.87198]
					}
				},
				"righteye": {
					"position": [1, 0, 0]
				},
				"lefteye": {
					"position": [-2, 0, 0]
				},
				"upperjaw": {
					"rotation": [1.71293, -3.52928, 9.13819]
				},
				"tail1": {
					"rotation": [0, -17.5, 0]
				},
				"tail2": {
					"rotation": [-7.5, -45, 0]
				},
				"tail3": {
					"rotation": [-31.50646, -59.7361, 5.16128]
				},
				"tail4": {
					"rotation": {
						"0.0": [-22.5, -50, 0],
						"1.0": [-15, -50, 0],
						"2.0": [-22.5, -50, 0]
					}
				},
				"bone5": {
					"rotation": {
						"0.0": [0, -35, 0],
						"1.0": [10, -35, 0],
						"2.0": [0, -35, 0]
					}
				},
				"rightfrontleg": {
					"rotation": [27.5, 0, 0],
					"position": [0, 5, 0]
				},
				"bone": {
					"rotation": [-80, 0, 0]
				},
				"bone2": {
					"rotation": [45, 0, 0],
					"position": [0, 2, 0]
				},
				"leftfrontleg": {
					"rotation": [27.5, 0, 0],
					"position": [0, 5, 0]
				},
				"bone3": {
					"rotation": [-80, 0, 0]
				},
				"bone4": {
					"rotation": [45, 0, 0],
					"position": [0, 2, 0]
				},
				"rightbackleg": {
					"rotation": [-35, 0, 0],
					"position": [0, 5, 0]
				},
				"rightbackleg2": {
					"rotation": [135, 0, 0],
					"position": [0, 1, -1]
				},
				"leftbackleg": {
					"rotation": [-35, 0, 0],
					"position": [0, 5, 0]
				},
				"leftbackleg2": {
					"rotation": [135, 0, 0],
					"position": [0, 1, -1]
				}
			}
		},
		"animation.saurpod.blink": {
			"animation_length": 0.16667,
			"bones": {
				"righteye": {
					"position": {
						"0.0": [0.5, 0, 0],
						"0.0417": [0.5, 0, 0],