{
	"format_version": "1.8.0",
	"animations": {
		"animation.pyrotrap.ground_idle": {
			"loop": true,
			"animation_length": 2,
			"bones": {
				"body": {
					"rotation": {
						"0.0": [0, 0, 7.5],
						"0.5": [0, 0, 0],
						"1.0": [0, 0, -7.5],
						"1.5": [0, 0, 0],
						"2.0": [0, 0, 7.5]
					},
					"position": {
						"0.0": [2, 0, 0],
						"0.5": [0, 0, 0],
						"1.0": [-2, 0, 0],
						"1.5": [0, 0, 0],
						"2.0": [2, 0, 0]
					}
				},
				"head": {
					"rotation": {
						"0.0": [0, 0, -7.5],
						"0.0833": [0, 0, 3.75],
						"1.0": [0, 0, 7.5],
						"1.0833": [0, 0, -3.75],
						"2.0": [0, 0, -7.5]
					}
				},
				"topjaw": {
					"rotation": {
						"0.0": [0, 0, 0],
						"0.5": [-5, 0, 0],
						"1.0": [0, 0, 0],
						"1.5": [-5, 0, 0],
						"2.0": [0, 0, 0]
					}
				},
				"tail": {
					"rotation": {
						"0.0": [-1.31845, -9.91358, 0.11435],
						"0.5": [-1.21963, 35.08632, 0.13766],
						"1.0": [-1.31845, 9.91358, -0.11435],
						"1.5": [-1.21963, -35.08632, -0.13766],
						"2.0": [-1.31845, -9.91358, 0.11435]
					}
				},
				"tail2": {
					"rotation": {
						"0.0": [-0.83163, -17.87868, -13.56086],
						"0.5": [-0.83163, -17.87868, -13.56086],
						"1.0": [-0.83163, 17.87868, 13.56086],
						"1.5": [-0.83163, 17.87868, 13.56086],
						"2.0": [-0.83163, -17.87868, -13.56086]
					}
				},
				"rightarm": {
					"rotation": {
						"0.0": [0, 0, 0],
						"1.0": [0, 0, 27.5],
						"2.0": [0, 0, 0]
					}
				},
				"leftarm": {
					"rotation": {
						"0.0": [0, 0, 0],
						"1.0": [0, 0, -27.5],
						"2.0": [0, 0, 0]
					}
				},
				"rightleg": {
					"rotation": {
						"0.0": [-0.85049, -0.65748, -0.05616],
						"1.0": [0, 0, 10],
						"2.0": [-0.85049, 0.65748, 0.05616]
					},
					"position": {
						"0.0": [-0.06526, -0.49572, 0],
						"0.5": [0.13, 0.01, 0],
						"1.5": [-0.13, 0.01, 0],
						"2.0": [0.06526, -0.49572, 0]
					}
				},
				"leftleg": {
					"rotation": {
						"0.0": [0, 0, -12.5],
						"0.5": [0, 0, -7.5],
						"1.5": [0, 0, -7.5],
						"2.0": [0, 0, -12.5]
					},
					"position": {
						"0.0": [-0.19526, 0.50572, 0],
						"0.5": [-0.13, 0.01, 0],
						"1.0": [-0.06526, -0.49572, 0],
						"1.5": [-0.13, 0.01, 0],
						"2.0": [-0.19526, 0.50572, 0]
					}
				},
				"tail3": {
					"rotation": {
						"0.0": [-2.65434, -26.9609, -4.18825],
						"0.5": [-2.65434, -26.9609, -4.18825],
						"1.0": [-2.65434, 26.9609, 4.18825],
						"1.5": [-2.65434, 26.9609, 4.18825],
						"2.0": [-2.65434, -26.9609, -4.18825]
					}
				}
			}
		},
		"animation.pyrotrap.ground_walk": {
			"loop": true,
			"animation_length": 2,
			"bones": {
				"body": {
					"rotation": {
						"0.0": [-10, 0, 7.5],
						"0.5": [-10, 0, -7.5],
						"1.0": [-10, 0, 7.5],
						"1.5": [-10, 0, -7.5],
						"2.0": [-10, 0, 7.5]
					},
					"position": {
						"0.0": [0, 0, 0],
						"1.0": [0, 0, 0],
						"2.0": [0, 0, 0]
					}
				},
				"neck": {
					"rotation": {
						"0.0": [-42.5, 0, 0],
						"0.25": [-42.5, 0, 0],
						"0.5": [-37.54194, 0.63701, 0.14098],
						"0.75": [-25.0413, 0.5914, 0.27552],
						"1.0": [-42.5, 0, 0],
						"1.25": [-42.5, 0, 0],
						"1.5": [-37.54194, 0.63701, 0.14098],
						"1.75": [-25.0413, 0.5914, 0.27552],
						"2.0": [-42.5, 0, 0]
					}
				},
				"bottomjaw": {
					"rotation": {
						"0.0": [0, 0, 0],
						"0.25": [-5, 0, 0],
						"0.5": [-32.31098, 1.29454, -3.31194],
						"0.75": [-49.79097, 0.42079, -3.46767],
						"1.0": [0, 0, 0],
						"1.25": [-5, 0, 0],
						"1.5": [-32.31098, 1.29454, -3.31194],
						"1.75": [-49.79097, 0.42079, -3.46767],
						"2.0": [0, 0, 0]
					}
				},
				"topjaw": {
					"rotation": {
						"0.0": [-62.5, 0, 0],
						"0.25": [-77.5, 0, 0],
						"0.5": [-107.29703, 1.33117, -3.63625],
						"0.75": [-92.30998, 2.09623, -3.27783],
						"1.0": [-62.5, 0, 0],
						"1.25": [-77.5, 0, 0],
						"1.5": [-107.29703, 1.33117, -3.63625],
						"1.75": [-92.30998, 2.09623, -3.27783],
						"2.0": [-62.5, 0, 0]
					}
				},
				"tail": {
					"rotation": {
						"0.0": [23.56729, 7.31078, 1.3612],
						"0.5": [27.73901, -19.45719, -3.91734],
						"1.0": [23.56729, -7.31078, -1.3612],
						"1.5": [27.73901, 19.45719, 3.91734],
						"2.0": [23.56729, 7.31078, 1.3612]
					}
				},
				"tail2": {
					"rotation": {
						"0.0": [3.37218, 15.52562, 7.8397],
						"0.5": [3.37218, 15.52562, 7.8397],
						"1.0": [3.37218, -15.52562, -7.8397],
						"1.5": [3.37218, -15.52562, -7.8397],
						"2.0": [3.37218, 15.52562, 7.8397]
					}
				},
				"rightarm": {
					"rotation": {
						"0.0": [179.51037, -0.99724, -42.44494],
						"0.5": [174.88753, 1.29579, -71.71937],
						"1.0": [179.51037, -0.99724, -42.44494],
						"1.5": [174.88753, 1.29579, -71.71937],
						"2.0": [179.51037, -0.99724, -42.44494]
					},
					"position": {
						"0.0": [0, 0, 1],
						"1.0": [0, 0, 1],
						"2.0": [0, 0, 1]
					}
				},
				"leftarm": {
					"rotation": {
						"0.0": [174.88753, -1.29579, 71.71937],
						"0.5": [179.51037, 0.99724, 42.44494],
						"1.0": [174.88753, -1.29579, 71.71937],
						"1.5": [179.51037, 0.99724, 42.44494],
						"2.0": [174.88753, -1.29579, 71.71937]
					},
					"position": {
						"0.0": [0, 0, 1],
						"1.0": [0, 0, 1],
						"2.0": [0, 0, 1]
					}
				},
				"rightleg": {
					"rotation": {
						"0.0": [-7.47221, -0.64935, 0.07085],
						"0.25": [12.45321, 1.08499, 0.07085],
						"0.5": [39.88505, 3.25919, 1.02477],
						"1.0": [-7.47221, -0.64935, 0.07085],
						"1.25": [12.45321, 1.08499, 0.07085],
						"1.5": [39.88505, 3.25919, 1.02477],
						"2.0": [-7.47221, -0.64935, 0.07085]
					},
					"position": {
						"0.0": [0, 0, -2],
						"0.25": [0, 0.17365, -1.01519],
						"0.5": [0, 0, 1],
						"0.75": [0, 1.79597, -0.3321],
						"1.0": [0, 0, -2],
						"1.25": [0, 0.17365, -1.01519],
						"1.5": [0, 0, 1],
						"1.75": [0, 1.79597, -0.3321],
						"2.0": [0, 0, -2]
					}
				},
				"leftleg": {
					"rotation": {
						"0.0": [39.88505, 3.25919, 1.02477],
						"0.5": [-7.47221, -0.64935, 0.07085],
						"0.75": [12.45321, 1.08499, 0.07085],
						"1.0": [39.88505, 3.25919, 1.02477],
						"1.5": [-7.47221, -0.64935, 0.07085],
						"1.75": [12.45321, 1.08499, 0.07085],
						"2.0": [39.88505, 3.25919, 1.02477]
					},
					"position": {
						"0.0": [0, 0, 1],
						"0.25": [0, 1.79597, -0.3321],
						"0.5": [0, 0, -2],
						"0.75": [0, 0.17365, -1.01519],
						"1.0": [0, 0, 1],
						"1.25": [0, 1.79597, -0.3321],
						"1.5": [0, 0, -2],
						"1.75": [0, 0.17365, -1.01519],
						"2.0": [0, 0, 1]
					}
				},
				"tail3": {
					"rotation": {
						"0.0": [3.22956, 24.77985, -0.38896],
						"0.5": [3.22956, 24.77985, -0.38896],
						"1.0": [3.22956, -24.77985, 0.38896],
						"1.5": [3.22956, -24.77985, 0.38896],
						"2.0": [3.22956, 24.77985, -0.38896]
					}
				}
			}
		},
		"animation.pyrotrap.faint": {
			"animation_length": 3,
			"bones": {
				"body": {
					"rotation": {
						"0.0": [-10, 0, 7.5],
						"0.5": [-10, 0, -7.5],
						"1.0": [-10, 0, 7.5],
						"1.25": [9.8423, -2.55868, 7.05239],
						"1.5": [87.56397, -7.43547, -0.98448],
						"1.6667": [90.08453, -7.38542, -1.30962],
						"1.8333": [87.56397, -7.43547, -0.98448]
					},
					"position": {
						"0.0": [0, 0, 0],
						"1.0": [0, 0, 0],
						"1.25": [0, 0, -3],
						"1.5": [0, -11, -12],
						"1.6667": [0, -11.5, -12],
						"1.8333": [0, -11, -12]
					}
				},
				"neck": {
					"rotation": {
						"0.0": [-42.5, 0, 0],
						"0.25": [-42.5, 0, 0],
						"0.5": [-37.54194, 0.63701, 0.14098],
						"0.75": [-25.0413, 0.5914, 0.27552],
						"1.0": [-42.5, 0, 0],
						"1.5833": [12.29942, -5.4911, -4.19955]
					}
				},
				"head": {
					"rotation": {
						"0.75": [0, 0, 0],
						"1.0": [-22.27548, 2.19054, 1.92871],
						"1.25": [-34.63537, 3.67766, 2.59305],
						"1.5833": [-37.10774, 3.99026, 2.68657]
					},