{
	"format_version": "1.8.0",
	"animations": {
		"animation.genesect_xmas.pose": {
			"loop": true,
			"bones": {
				"neck": {
					"rotation": [35, 0, 0]
				},
				"head": {
					"rotation": [-50.18812, -1.34783, 0.90432]
				},
				"body": {
					"rotation": [0, 0, 0],
					"position": [0, -3, 0]
				},
				"leg_left": {
					"rotation": [25.14723, -3.84754, 16.16318]
				},
				"leg_left2": {
					"rotation": [-81.80082, -28.38402, -12.84017]
				},
				"leg_left3": {
					"rotation": [59.91043, -4.43385, 2.31336]
				},
				"foot_left": {
					"rotation": [-2.36593, -0.49112, 1.06144]
				},
				"leg_right": {
					"rotation": [25.14723, 3.84754, -16.16318]
				},
				"leg_right2": {
					"rotation": [-81.80082, 28.38402, 12.84017]
				},
				"leg_right3": {
					"rotation": [59.91043, 4.43385, -2.31336]
				},
				"foot_right": {
					"rotation": [-2.5, 0, -1]
				},
				"canon": {
					"rotation": [22.5, 0, 0]
				},
				"arm_left": {
					"rotation": [-13.25034, -4.88216, 24.6903]
				},
				"arm_left2": {
					"rotation": [3.28396, -12.06754, -15.34721]
				},
				"hand_left": {
					"rotation": [0, 15, 0]
				},
				"arm_right": {
					"rotation": [-20.67293, 11.31738, -31.78327]
				},
				"arm_right2": {
					"rotation": [3.03513, 9.53274, 17.75313]
				},
				"hand_right": {
					"rotation": [0, -10, 0]
				},
				"canon_handle": {
					"rotation": [-12.5, 0, 0]
				},
				"torso": {
					"rotation": [30, 0, 0]
				}
			}
		},
		"animation.genesect_xmas.ground_idle": {
			"loop": true,
			"bones": {
				"neck": {
					"rotation": [35, 0, 0]
				},
				"head": {
					"rotation": [-50.18812, -1.34783, 0.90432]
				},
				"body": {
					"rotation": [0, 0, 0],
					"position": [0, -3, 0]
				},
				"leg_left": {
					"rotation": [25.14723, -3.84754, 16.16318]
				},
				"leg_left2": {
					"rotation": [-81.80082, -28.38402, -12.84017]
				},
				"leg_left3": {
					"rotation": [59.91043, -4.43385, 2.31336]
				},
				"foot_left": {
					"rotation": [-2.36593, -0.49112, 1.06144]
				},
				"leg_right": {
					"rotation": [25.14723, 3.84754, -16.16318]
				},
				"leg_right2": {
					"rotation": [-81.80082, 28.38402, 12.84017]
				},
				"leg_right3": {
					"rotation": [59.91043, 4.43385, -2.31336]
				},
				"foot_right": {
					"rotation": [-2.5, 0, -1]
				},
				"canon": {
					"rotation": [22.5, 0, 0]
				},
				"arm_left": {
					"rotation": [-13.25034, -4.88216, 24.6903]
				},
				"arm_left2": {
					"rotation": [3.28396, -12.06754, -15.34721]
				},
				"hand_left": {
					"rotation": [0, 15, 0]
				},
				"arm_right": {
					"rotation": [-20.67293, 11.31738, -31.78327]
				},
				"arm_right2": {
					"rotation": [3.03513, 9.53274, 17.75313]
				},
				"hand_right": {
					"rotation": [0, -10, 0]
				},
				"canon_handle": {
					"rotation": [-12.5, 0, 0]
				},
				"torso": {
					"rotation": [30, 0, 0]
				},
				"support": {
					"position": [0, 2.6, 0]
				}
			}
		},
		"animation.genesect_xmas.ground_walk": {
			"loop": true,
			"animation_length": 0.4583,
			"bones": {
				"neck": {
					"rotation": [35, 0, 0]
				},
				"head": {
					"rotation": [-50.18812, -1.34783, 0.90432]
				},
				"body": {
					"rotation": {
						"0.0": [0, 0, 0],
						"0.125": {
							"pre": [2.5, 0, 0],
							"post": [2.5, 0, 0],
							"lerp_mode": "catmullrom"
						},
						"0.25": {
							"post": [-2.5, 0, 0],
							"lerp_mode": "catmullrom"
						},
						"0.4167": {
							"post": [0, 0, 0],
							"lerp_mode": "catmullrom"
						}
					},
					"position": {
						"0.0": [0, -3, 0],
						"0.125": {
							"pre": [0, 0, 0],
							"post": [0, 0, 0],
							"lerp_mode": "catmullrom"
						},
						"0.25": {
							"post": [0, -0.99905, -0.04362],
							"lerp_mode": "catmullrom"
						},
						"0.4167": {
							"post": [0, -3, 0],
							"lerp_mode": "catmullrom"
						}
					}
				},
				"leg_left": {
					"rotation": [25.14723, -3.84754, 16.16318]
				},
				"leg_left2": {
					"rotation": [-81.80082, -28.38402, -12.84017]
				},
				"leg_left3": {
					"rotation": [59.91043, -4.43385, 2.31336]
				},
				"foot_left": {
					"rotation": [-2.36593, -0.49112, 1.06144]
				},
				"leg_right": {
					"rotation": [25.14723, 3.84754, -16.16318]
				},
				"leg_right2": {
					"rotation": [-81.80082, 28.38402, 12.84017]
				},
				"leg_right3": {
					"rotation": [59.91043, 4.43385, -2.31336]
				},
				"foot_right": {
					"rotation": [-2.5, 0, -1]
				},
				"canon": {
					"rotation": [22.5, 0, 0]
				},
				"arm_left": {
					"rotation": [-13.25034, -4.88216, 24.6903]
				},
				"arm_left2": {
					"rotation": [3.28396, -12.06754, -15.34721]
				},
				"hand_left": {
					"rotation": [0, 15, 0]
				},
				"arm_right": {
					"rotation": [-20.67293, 11.31738, -31.78327]
				},
				"arm_right2": {
					"rotation": [3.03513, 9.53274, 17.75313]
				},
				"hand_right": {
					"rotation": [0, -10, 0]
				},
				"canon_handle": {
					"rotation": [-12.5, 0, 0]
				},
				"torso": {
					"rotation": [30, 0, 0]
				},
				"support": {
					"position": [0, 2.6, 0]
				}
			}
		}
	}
}