{
	"format_version": "1.8.0",
	"animations": {
		"animation.lucariozelda.blink": {
			"animation_length": 0.125,
			"bones": {
				"eyelid_right": {
					"position": {
						"0.0": [-0.1, 0, -0.1],
						"0.0833": [-0.1, 0, -0.1],
						"0.125": [0, 0, 0]
					}
				},
				"eyelid_left": {
					"position": {
						"0.0": [0.1, 0, -0.1],
						"0.0833": [0.1, 0, -0.1],
						"0.125": [0, 0, 0]
					}
				}
			}
		},
		"animation.lucariozelda.ground_idle": {
			"loop": true,
			"animation_length": 2,
			"bones": {
				"waist": {
					"rotation": {
						"0.0": [5, 0, 0],
						"1.0": [5, 0, 0]
					}
				},
				"neck": {
					"rotation": {
						"0.0": [0, 0, 0],
						"1.0": [0, 0, 0]
					}
				},
				"arm_right": {
					"rotation": {
						"0.0": [-32.47528, -1.34295, -57.10886],
						"1.0": [-33.26319, -11.85435, -50.28909],
						"2.0": [-32.47528, -1.34295, -57.10886]
					}
				},
				"hand_right": {
					"rotation": {
						"0.0": [12.48999, 7.14863, -11.7635],
						"1.0": [12.40121, 2.26598, -12.84438],
						"2.0": [12.48999, 7.14863, -11.7635]
					}
				},
				"arm_left": {
					"rotation": [61.21777, -9.29798, 40.10851]
				},
				"hand_left": {
					"rotation": [0, 0, -47.5],
					"position": [-0.75, -0.75, 0]
				},
				"tail": {
					"rotation": {
						"0.0": [5.41318, -8.17773, -5.77509],
						"0.25": [6.69146, 16.27014, 11.79198],
						"0.5": [5.41318, 8.17773, 5.77509],
						"0.75": [6.69146, -16.27014, -11.79198],
						"1.0": [5.41318, -8.17773, -5.77509],
						"1.25": [6.69146, 16.27014, 11.79198],
						"1.5": [5.41318, 8.17773, 5.77509],
						"1.75": [6.69146, -16.27014, -11.79198],
						"2.0": [5.41318, -8.17773, -5.77509]
					}
				},
				"tail2": {
					"rotation": {
						"0.0": [5.63304, -27.38656, -2.59775],
						"0.25": [5.63304, -27.38656, -2.59775],
						"0.5": [5.63304, 27.38656, 2.59775],
						"0.75": [5.63304, 27.38656, 2.59775],
						"1.0": [5.63304, -27.38656, -2.59775],
						"1.25": [5.63304, -27.38656, -2.59775],
						"1.5": [5.63304, 27.38656, 2.59775],
						"1.75": [5.63304, 27.38656, 2.59775],
						"2.0": [5.63304, -27.38656, -2.59775]
					}
				},
				"tail3": {
					"rotation": {
						"0.0": [7.05323, -44.78238, -4.98107],
						"0.25": [7.05323, -44.78238, -4.98107],
						"0.5": [7.05323, 44.78238, 4.98107],
						"0.75": [7.05323, 44.78238, 4.98107],
						"1.0": [7.05323, -44.78238, -4.98107],
						"1.25": [7.05323, -44.78238, -4.98107],
						"1.5": [7.05323, 44.78238, 4.98107],
						"1.75": [7.05323, 44.78238, 4.98107],
						"2.0": [7.05323, -44.78238, -4.98107]
					}
				},
				"leg_right": {
					"rotation": [7.5, 0, 5]
				},
				"leg_right2": {
					"rotation": [14.94548, -1.29256, -0.16955]
				},
				"leg_left": {
					"rotation": [-22.5, 0, -5]
				},
				"leg_left2": {
					"rotation": [19.8423, 2.55868, -2.05239]
				},
				"arm_left2": {
					"rotation": [0, 80, 0]
				},
				"arm_right2": {
					"rotation": {
						"0.0": [28.65787, -49.18271, -35.83528],
						"1.0": [24.23803, -40.21817, -29.5741],
						"2.0": [28.65787, -49.18271, -35.83528]
					}
				},
				"leg_left3": {
					"rotation": [-17.5, 0, 0]
				},
				"leg_left4": {
					"rotation": [12.5, 0, 0]
				},
				"foot_left": {
					"rotation": [7.5, 0, 0]
				},
				"leg_right4": {
					"rotation": [-12.5, 0, 0],
					"position": [0, -0.5, 0]
				}
			}
		},
		"animation.lucariozelda.ground_walk": {
			"loop": true,
			"animation_length": 2,
			"bones": {
				"waist": {
					"rotation": {
						"0.0": [22.30998, -25.71543, -10.09541],
						"0.5": [22.30998, 25.71543, 10.09541],
						"0.7083": [20, 0, 0],
						"1.0": [22.30998, -25.71543, -10.09541],
						"1.5": [22.30998, 25.71543, 10.09541],
						"2.0": [22.30998, -25.71543, -10.09541]
					}
				},
				"neck": {
					"rotation": {
						"0.0": [0, 0, 0],
						"1.0": [0, 0, 0]
					}
				},
				"arm_right": {
					"rotation": {
						"0.0": [-32.47528, -1.34295, -57.10886],
						"0.25": [-64.76586, 45.86912, -85.29281],
						"0.5": [-83.27775, 50.09452, -84.13386],
						"1.0": [-32.47528, -1.34295, -57.10886],
						"1.25": [-64.76586, 45.86912, -85.29281],
						"1.5": [-83.27775, 50.09452, -84.13386],
						"2.0": [-33.26319, -11.85435, -50.28909]
					}
				},
				"hand_right": {
					"rotation": {
						"0.0": [12.48999, 7.14863, -11.7635],
						"1.0": [12.40121, 2.26598, -12.84438],
						"2.0": [12.48999, 7.14863, -11.7635]
					}
				},
				"arm_left": {
					"rotation": {
						"0.0": [-83.27775, -50.09452, 84.13386],
						"0.5": [4.23681, 11.85435, 50.28909],
						"0.75": [-64.76586, -45.86912, 85.29281],
						"1.0": [-83.27775, -50.09452, 84.13386],
						"1.5": [4.23681, 11.85435, 50.28909],
						"1.75": [-64.76586, -45.86912, 85.29281],
						"2.0": [-83.27775, -50.09452, 84.13386]
					}
				},
				"hand_left": {
					"rotation": [0, 0, 7.5],
					"position": [0, 0, 0]
				},
				"tail": {
					"rotation": {
						"0.0": [5.41318, -8.17773, -5.77509],
						"0.25": [6.69146, 16.27014, 11.79198],
						"0.5": [5.41318, 8.17773, 5.77509],
						"0.75": [6.69146, -16.27014, -11.79198],
						"1.0": [5.41318, -8.17773, -5.77509],
						"1.25": [6.69146, 16.27014, 11.79198],
						"1.5": [5.41318, 8.17773, 5.77509],
						"1.75": [6.69146, -16.27014, -11.79198],
						"2.0": [5.41318, -8.17773, -5.77509]
					}
				},
				"tail2": {
					"rotation": {
						"0.0": [5.63304, -27.38656, -2.59775],
						"0.25": [5.63304, -27.38656, -2.59775],
						"0.5": [5.63304, 27.38656, 2.59775],
						"0.75": [5.63304, 27.38656, 2.59775],
						"1.0": [5.63304, -27.38656, -2.59775],
						"1.25": [5.63304, -27.38656, -2.59775],
						"1.5": [5.63304, 27.38656, 2.59775],
						"1.75": [5.63304, 27.38656, 2.59775],
						"2.0": [5.63304, -27.38656, -2.59775]
					}
				},
				"tail3": {
					"rotation": {
						"0.0": [7.05323, -44.78238, -4.98107],
						"0.25": [7.05323, -44.78238, -4.98107],
						"0.5": [7.05323, 44.78238, 4.98107],
						"0.75": [7.05323, 44.78238, 4.98107],
						"1.0": [7.05323, -44.78238, -4.98107],
						"1.25": [7.05323, -44.78238, -4.98107],
						"1.5": [7.05323, 44.78238, 4.98107],
						"1.75": [7.05323, 44.78238, 4.98107],
						"2.0": [7.05323, -44.78238, -4.98107]
					}
				},
				"leg_right": {
					"rotation": {
						"0.0": [35, 0, -5],
						"0.25": [2.5, 0, 5],
						"0.5": [-35, 0, 5],
						"0.75": [-5, 0, 5],
						"1.0": [35, 0, -5],
						"1.25": [2.5, 0, 5],
						"1.5": [-35, 0, 5],
						"1.75": [-5, 0, 5],
						"2.0": [35, 0, -5]
					}
				},
				"leg_right2": {
					"rotation": {
						"0.0": [10, 0, -5],
						"0.5": [19.8423, -2.55868, 2.05239],
						"0.75": [20, 0, -5],
						"1.0": [10, 0, -5],
						"1.5": [19.8423, -2.55868, 2.05239],
						"1.75": [20, 0, -5],
						"2.0": [10, 0, -5]
					}
				},
				"leg_left": {
					"rotation": {
						"0.0": [-35, 0, -5],
						"0.25": [-5, 0, -5],
						"0.5": [35, 0, 5],
						"0.75": [2.5, 0, -5],
						"1.0": [-35, 0, -5],
						"1.25": [-5, 0, -5],
						"1.5": [35, 0, 5],
						"1.75": [2.5, 0, -5],
						"2.0": [-35, 0, -5]
					}
				},
				"leg_left2": {
					"rotation": {
						"0.0": [19.8423, 2.55868, -2.05239],
						"0.25": [20, 0, 5],
						"0.5": [10, 0, 5],
						"1.0": [19.8423, 2.55868, -2.05239],
						"1.25": [20, 0, 5],
						"1.5": [10, 0, 5],
						"2.0": [19.8423, 2.55868, -2.05239]
					}
				},
				"arm_left2": {
					"rotation": {
						"0.0": [0, -2.5, 0],
						"0.25": [0, 25, 0],
						"0.5": [0, 72.5, 0],
						"0.75": [0, 25, 0],
						"1.0": [0, -2.5, 0],
						"1.25": [0, 25, 0],
						"1.5": [0, 72.5, 0],
						"1.75": [0, 25, 0],
						"2.0": [0, -2.5, 0]
					}
				},
				"arm_right2": {
					"rotation": {
						"0.0": [28.65787, -49.18271, -35.83528],
						"0.5": [18.74085, -9.82433, -16.73266],
						"1.0": [28.65787, -49.18271, -35.83528],
						"1.5": [18.74085, -9.82433, -16.73266],
						"2.0": [24.23803, -40.21817, -29.5741]
					}
				},
				"leg_left3": {
					"rotation": {
						"0.0": [-17.5, 0, 0],