{
	"format_version": "1.8.0",
	"animations": {
		"animation.mega_crabominable.ground_idle": {
			"loop": true,
			"bones": {
				"torso": {
					"rotation": ["7.5+2.5*math.sin(q.anim_time*90*1+50)", 0, 0],
					"position": [0, 3, 0]
				},
				"arm_right": {
					"rotation": [-61.04835, -19.03771, "6.246045214+5*math.sin(q.anim_time*40*1-20)"]
				},
				"arm_right2": {
					"rotation": [32.27722, -33.63856, 40.118]
				},
				"arm_left": {
					"rotation": [-61.04835, 19.03771, "-6.246045214+5*math.cos(q.anim_time*40*1-20)"]
				},
				"arm_left2": {
					"rotation": [41.4871, 37.15855, -25.41377]
				},
				"hand_left": {
					"rotation": [1.36533, 10.38825, -17.22904]
				},
				"body": {
					"position": [0, 10, 0]
				},
				"head": {
					"rotation": [2.5, 0, 0]
				},
				"hair_left": {
					"rotation": [23.53814, -54.57549, 0]
				},
				"hair_left2": {
					"rotation": [0, 0, 40]
				},
				"hair_left3": {
					"rotation": [0, 0, -27.5]
				},
				"hair_right": {
					"rotation": [23.53814, 54.57549, 0]
				},
				"hair_right2": {
					"rotation": [0, 0, -40]
				},
				"hair_right3": {
					"rotation": [0, 0, 27.5]
				},
				"leg_front_left": {
					"rotation": [0, 0, -17.5]
				},
				"leg_front_right": {
					"rotation": [0, 0, 17.5]
				},
				"leg_back_left": {
					"rotation": [12.02501, -32.19089, 43.8547]
				},
				"leg_back_left2": {
					"rotation": [2.12868, -7.41137, -42.3083]
				},
				"finger_left": {
					"rotation": [-17.35932, -2.24944, -22.15656]
				},
				"finger_left2": {
					"rotation": [10, -27.5, 0]
				},
				"finger_left3": {
					"rotation": [-25, 17.5, 0]
				},
				"finger_left4": {
					"rotation": [-50.90659, -12.60837, 8.19252]
				},
				"finger_left5": {
					"rotation": [-44.00703, 10.54529, 10.72858]
				},
				"hand_right": {
					"rotation": [1.36533, -10.38825, 17.22904]
				},
				"finger_right": {
					"rotation": [-17.35932, 2.24944, 22.15656]
				},
				"finger_right2": {
					"rotation": [10, 27.5, 0]
				},
				"finger_right4": {
					"rotation": [-50.90659, 12.60837, -8.19252]
				},
				"finger_right3": {
					"rotation": [-25, -17.5, 0]
				},
				"finger_right5": {
					"rotation": [-44.00703, -10.54529, -10.72858]
				},
				"hair_big_center": {
					"rotation": [-50, 0, 0]
				},
				"hair_big_center2": {
					"rotation": [-22.5, 0, 0]
				},
				"hair_big_left1": {
					"rotation": [-48.76334, 24.67823, -7.69373]
				},
				"hair_big_left2": {
					"rotation": [-20, 0, 0]
				},
				"hair_big_left3": {
					"rotation": [-54.46218, 65.13134, -4.58487]
				},
				"hair_big_left4": {
					"rotation": [20, 0, 0]
				},
				"hair_big_right1": {
					"rotation": [-48.76334, -24.67823, 7.69373]
				},
				"hair_big_right2": {
					"rotation": [-20, 0, 0]
				},
				"hair_big_right3": {
					"rotation": [-54.46218, -65.13134, 4.58487]
				},
				"hair_big_right4": {
					"rotation": [20, 0, 0]
				},
				"hair_medium_center": {
					"rotation": [-30, 0, 0]
				},
				"hair_medium_left": {
					"rotation": [-37.97167, 23.43261, -0.88849]
				},
				"hair_medium_left3": {
					"rotation": [-25, 0, 0]
				},
				"hair_medium_right": {
					"rotation": [-37.97167, -23.43261, 0.88849]
				},
				"hair_medium_right3": {
					"rotation": [-25, 0, 0]
				},
				"hair_medium_left2": {
					"rotation": [-62.19878, 58.79098, -25.06268]
				},
				"hair_medium_left4": {
					"rotation": [2.5, 0, 0]
				},
				"hair_medium_right2": {
					"rotation": [-62.19878, -58.79098, 25.06268]
				},
				"hair_medium_right4": {
					"rotation": [2.5, 0, 0]
				},
				"hair_medium_center2": {
					"rotation": [-27.5, 0, 0]
				},
				"hair_small_center": {
					"rotation": [-22.5, 0, 0]
				},
				"hair_small_right": {
					"rotation": [-28.32159, -13.27207, 7.05309]
				},
				"hair_small_right2": {
					"rotation": [-12.5, 0, 0]
				},
				"hair_small_left": {
					"rotation": [-28.32159, 13.27207, -7.05309]
				},
				"hair_small_left2": {
					"rotation": [-12.5, 0, 0]
				},
				"hair_small_right3": {
					"rotation": [-27.63599, -41.72627, 4.23869]
				},
				"hair_small_right4": {
					"rotation": [-20, 0, 0]
				},
				"hair_small_left3": {
					"rotation": [-27.63599, 41.72627, -4.23869]
				},
				"hair_small_left4": {
					"rotation": [-20, 0, 0]
				},
				"leg_back_right": {
					"rotation": [12.02501, 32.19089, -43.8547]
				},
				"leg_back_right2": {
					"rotation": [2.12868, 7.41137, 42.3083]
				}
			}
		},
		"animation.mega_crabominable.ground_walk": {
			"loop": true,
			"animation_length": 4,
			"bones": {
				"head": {
					"rotation": [15, 0, 0]
				},
				"fang_left": {
					"rotation": [0, -12.5, 0]
				},
				"fang_right": {
					"rotation": [0, 12.5, 0]
				},
				"horn": {
					"rotation": [20, 0, 0]
				},
				"legfront_left": {
					"rotation": {
						"0.0": [-0.7522, -25.11578, -14.51565],
						"0.125": [0, 3.75, -14],
						"0.25": [0, 12.5, 0],
						"0.375": [0, -18.75, -3],
						"0.5": [-0.7522, -25.11578, -14.51565]
					}
				},
				"legfront_left2": {
					"rotation": [0, 0, 52]
				},
				"legmiddle_left2": {
					"rotation": [0, 0, 52]
				},
				"legmiddle_left": {
					"rotation": {
						"0.0": [-2.61435, 9.91358, -1.31845],
						"0.125": [12.66253, -10.09152, -3.9374],
						"0.25": [14.8968, -5.30767, -13.89137],
						"0.375": [2.2227, 4.83983, -14.50942],
						"0.5": [-2.61435, 9.91358, -1.31845]
					}
				},
				"legback_left": {
					"rotation": {
						"0.0": [-0.7522, -25.11578, -14.51565],
						"0.125": [0, 3.75, -14],
						"0.25": [0, 12.5, 0],
						"0.375": [0, -18.75, -3],
						"0.5": [-0.7522, -25.11578, -14.51565]
					}
				},
				"legback_left2": {
					"rotation": [0, 0, 52]
				},
				"legfront_right": {
					"rotation": {
						"0.0": [0, -12.5, 0],
						"0.125": [0, 18.75, 3],
						"0.25": [-0.7522, 25.11578, 14.51565],
						"0.375": [0, -3.75, 14],
						"0.5": [0, -12.5, 0]
					}
				},
				"legfront_right2": {
					"rotation": [0, 0, -52]
				},
				"legmiddle_right": {
					"rotation": {
						"0.0": [14.8968, 5.30767, 13.89137],
						"0.125": [2.2227, -4.83983, 14.50942],
						"0.25": [-2.61435, -9.91358, 1.31845],
						"0.375": [12.66253, 10.09152, 3.9374],
						"0.5": [14.8968, 5.30767, 13.89137]
					}
				},
				"legmiddle_right2": {
					"rotation": [0, 0, -52]
				},
				"legback_right": {
					"rotation": {
						"0.0": [0, -12.5, 0],
						"0.125": [0, 18.75, 3],
						"0.25": [-0.7522, 25.11578, 14.51565],
						"0.375": [0, -3.75, 14],
						"0.5": [0, -12.5, 0]
					}
				},
				"legback_right2": {
					"rotation": [0, 0, -52]
				},
				"torso_pattern_left": {
					"rotation": [0, 0, 0]
				},
				"torso_pattern_right": {
					"rotation": [0, 0, 0]
				},
				"torso": {
					"rotation": [30, 0, "Math.cos((query.anim_time) * 180* 2) * -2"],
					"position": [0, "Math.cos((query.anim_time) * 180*2) * 0.2", 0]
				},
				"body": {
					"rotation": [5, 0, "Math.cos((query.anim_time) * 180* 2) * -2"],
					"position": [0, "Math.cos((query.anim_time) * 180*2) * 0.2", 0]
				},
				"leftleg": {
					"rotation": {
						"0.0": [-0.7522, -25.11578, -14.51565],
						"0.125": [0, 3.75, -14],
						"0.25": [0, 12.5, 0],
						"0.375": [0, -18.75, -3],
						"0.5": [-0.7522, -25.11578, -14.51565]
					}
				},
				"leftleg2": {
					"rotation": {
						"0.0": [-2.61435, 9.91358, -1.31845],
						"0.125": [12.66253, -10.09152, -3.9374],
						"0.25": [14.8968, -5.30767, -13.89137],
						"0.375": [2.2227, 4.83983, -14.50942],
						"0.5": [-2.61435, 9.91358, -1.31845]
					}
				},
				"rightleg": {
					"rotation": {
						"0.0": [14.8968, 5.30767, 13.89137],
						"0.125": [2.2227, -4.83983, 14.50942],
						"0.25": [-2.61435, -9.91358, 1.31845],
						"0.375": [12.66253, 10.09152, 3.9374],
						"0.5": [14.8968, 5.30767, 13.89137]
					}
				},
				"rightleg2": {
					"rotation": {
						"0.0": [0, -12.5, 0],
						"0.125": [0, 18.75, 3],
						"0.25": [-0.7522, 25.11578, 14.51565],
						"0.375": [0, -3.75, 14],