{
	"format_version": "1.8.0",
	"animations": {
		"animation.cocobara.ground_idle": {
			"loop": true,
			"animation_length": 4,
			"bones": {
				"body": {
					"rotation": [0, 0, "2+2*math.sin(q.anim_time*90*1+90)"]
				},
				"bone3": {
					"rotation": {
						"0.0": [0, 0, -10],
						"2.0": [0, 0, 0],
						"4.0": [0, 0, -10]
					}
				},
				"bone4": {
					"rotation": {
						"0.0": [0, 0, -5],
						"2.0": [0, 0, 0],
						"4.0": [0, 0, -5]
					}
				},
				"head": {
					"rotation": {
						"0.0": ["-9+5*math.sin(q.anim_time*90*1+90)", 0, 0],
						"2.0": ["-8.6808+5*math.sin(q.anim_time*90*1+90)", 3.00147, 12.13987],
						"4.0": ["-9+5*math.sin(q.anim_time*90*1+90)", 0, 0]
					}
				}
			}
		},
		"animation.cocobara.faint": {
			"animation_length": 4,
			"bones": {
				"body": {
					"rotation": {
						"0.0": [0, 0, "2+2*math.sin(q.anim_time*90*1+90)"],
						"0.75": [0, 0, "2+2*math.sin(q.anim_time*90*1+90)"],
						"1.0": [-22.5, 0, "2+2*math.sin(q.anim_time*90*1+90)"],
						"1.5": [-22.5, 0, "2+2*math.sin(q.anim_time*90*1+90)"],
						"1.75": [-5, 0, "2+2*math.sin(q.anim_time*90*1+90)"],
						"2.0": [0, 0, "2+2*math.sin(q.anim_time*90*1+90)"]
					},
					"position": {
						"0.0": [0, 0, 0],
						"0.75": [0, -1.25, 0.25],
						"1.0": [0, -3, 3],
						"1.5": [0, -3, 3],
						"1.75": [0, -5, 3],
						"2.0": [0, -6, 3]
					}
				},
				"bone3": {
					"rotation": {
						"0.0": [0, 0, -10],
						"0.75": [35, 0, 0],
						"1.0": [97.5, 0, 0],
						"2.0": [92.04831, -1.43364, 34.97437]
					}
				},
				"bone4": {
					"rotation": {
						"0.0": [0, 0, 0],
						"1.0": [15, 0, 0],
						"1.5": [15, 0, 0],
						"1.75": [-45, 0, 0],
						"2.0": [-63.7576, 14.6914, 9.61518]
					},
					"position": {
						"0.0": [0, 0, 0],
						"1.0": [0, 1, 0],
						"1.5": [0, 1, 0]
					}
				},
				"head": {
					"rotation": {
						"0.0": ["-9+5*math.sin(q.anim_time*90*1+90)", 0, 0],
						"1.0": ["-9+5*math.sin(q.anim_time*90*1+90)", 0, 0],
						"1.25": [-30.71392, 1.87592, 7.58742],
						"1.4167": [-27.88296, 2.12604, 8.59907]
					}
				},
				"bone2": {
					"rotation": {
						"0.0": [0, 0, -10],
						"0.75": [35, 0, 0],
						"1.0": [97.5, 0, 0],
						"2.0": [92.04831, 1.43364, -34.97437]
					}
				},
				"bone5": {
					"rotation": {
						"0.0": [0, 0, 0],
						"1.0": [15, 0, 0],
						"1.5": [15, 0, 0],
						"1.75": [-45, 0, 0],
						"2.0": [-63.7576, -14.6914, -9.61518]
					},
					"position": {
						"0.0": [0, 0, 0],
						"1.0": [0, 1, 0],
						"1.5": [0, 1, 0]
					}
				},
				"righteyeopen": {
					"position": {
						"1.0": [0, 0, 0],
						"1.25": [-0.5, 0, 0]
					}
				},
				"lefteyeopen": {
					"position": {
						"1.0": [0, 0, 0],
						"1.25": [0.5, 0, 0]
					}
				},
				"lefteyeclosed": {
					"position": {
						"1.0": [0, 0, 0],
						"1.25": [-0.5, 0, 0]
					}
				},
				"righteyeclosed": {
					"position": {
						"1.0": [0, 0, 0],
						"1.25": [0.5, 0, 0]
					}
				}
			}
		},
		"animation.cocobara.ground_walk": {
			"loop": true,
			"animation_length": 4,
			"bones": {
				"body": {
					"rotation": [0, 0, "-2*math.sin(q.anim_time*90*1+90)"]
				},
				"bone3": {
					"rotation": {
						"0.0": [-32.5, 0, 0],
						"1.0": [32.5, 0, 0],
						"2.0": [-32.5, 0, 0],
						"3.0": [32.5, 0, 0],
						"4.0": [-32.5, 0, 0]
					}
				},
				"bone4": {
					"rotation": {
						"0.0": [7.5, 0, 0],
						"0.5": [-15, 0, 0],
						"1.0": [-32.5, 0, 0],
						"1.5": [-15, 0, 0],
						"2.0": [7.5, 0, 0],
						"2.5": [-15, 0, 0],
						"3.0": [-32.5, 0, 0],
						"3.5": [-15, 0, 0],
						"4.0": [7.5, 0, 0]
					},
					"position": {
						"0.0": [0, 0, 0],
						"0.5": [0, -1, 0],
						"1.0": [0, -2, 0],
						"1.5": [0, -1, 0],
						"2.0": [0, 0, 0],
						"2.5": [0, -1, 0],
						"3.0": [0, -2, 0],
						"3.5": [0, -1, 0],
						"4.0": [0, 0, 0]
					}
				},
				"head": {
					"rotation": {
						"0.0": ["-9+5*math.sin(q.anim_time*90*1+90)", 0, 0],
						"4.0": ["-9+5*math.sin(q.anim_time*90*1+90)", 0, 0]
					}
				},
				"bone2": {
					"rotation": {
						"0.0": [32.5, 0, 0],
						"1.0": [-32.5, 0, 0],
						"2.0": [32.5, 0, 0],
						"3.0": [-32.5, 0, 0],
						"4.0": [32.5, 0, 0]
					}
				},
				"bone5": {
					"rotation": {
						"0.0": [-32.5, 0, 0],
						"0.5": [-15, 0, 0],
						"1.0": [7.5, 0, 0],
						"1.5": [-15, 0, 0],
						"2.0": [-32.5, 0, 0],
						"2.5": [-15, 0, 0],
						"3.0": [7.5, 0, 0],
						"3.5": [-15, 0, 0],
						"4.0": [-32.5, 0, 0]
					},
					"position": {
						"0.0": [0, -2, 0],
						"0.5": [0, -1, 0],
						"1.0": [0, 0, 0],
						"1.5": [0, -1, 0],
						"2.0": [0, -2, 0],
						"2.5": [0, -1, 0],
						"3.0": [0, 0, 0],
						"3.5": [0, -1, 0],
						"4.0": [0, -2, 0]
					}
				}
			}
		},
		"animation.cocobara.sleep": {
			"loop": true,
			"animation_length": 4,
			"bones": {
				"body": {
					"rotation": {
						"0.0": [0, 0, 0],
						"1.0": [2.5, 0, 0],
						"2.0": [0, 0, 0],
						"3.0": [2.5, 0, 0],
						"4.0": [0, 0, 0]
					},
					"position": {
						"0.0": [0, -6, 0],
						"2.0": [0, -6, 0],
						"4.0": [0, -6, 0]
					}
				},
				"bone2": {
					"rotation": {
						"0.0": [92.10886, 1.34295, -32.47528],
						"1.0": [87.10886, 1.34295, -32.47528],
						"2.0": [92.10886, 1.34295, -32.47528],
						"3.0": [87.10886, 1.34295, -32.47528],
						"4.0": [92.10886, 1.34295, -32.47528]
					}
				},
				"bone3": {
					"rotation": {
						"0.0": [92.10886, -1.34295, 32.47528],
						"1.0": [87.10886, -1.34295, 32.47528],
						"2.0": [92.10886, -1.34295, 32.47528],
						"3.0": [87.10886, -1.34295, 32.47528],
						"4.0": [92.10886, -1.34295, 32.47528]
					}
				},
				"bone5": {
					"rotation": [-70, 0, 0]
				},
				"bone4": {
					"rotation": [-69.17841, 13.27207, 7.05309]
				},
				"head": {
					"rotation": {
						"0.0": [-40, 0, 0],
						"1.0": [-42.5, 0, 0],
						"2.0": [-40, 0, 0],
						"3.0": [-42.5, 0, 0],
						"4.0": [-40, 0, 0]
					}
				},
				"righteyeopen": {
					"position": [-0.5, 0, 0]
				},
				"lefteyeopen": {
					"position": [0.5, 0, 0]
				},
				"lefteyeclosed": {
					"position": [-0.5, 0, 0]
				},
				"righteyeclosed": {
					"position": [0.5, 0, 0]
				}
			}
		}
	},
	"geckolib_format_version": 2
}