{
	"format_version": "1.8.0",
	"animations": {
		"animation.panoplybara.ground_idle": {
			"loop": true,
			"bones": {
				"neck": {
					"rotation": ["5+1*(math.sin(q.anim_time*90*3)*1+1)+1*(math.sin(q.anim_time*90*3/2)*1+1)", 0, 0]
				},
				"head": {
					"rotation": ["5-1*(math.sin(q.anim_time*90*3)*1+1)+1*(math.sin(q.anim_time*90*3/2)*1+1)", 0, 0]
				},
				"beard": {
					"rotation": ["5+1*(math.sin(q.anim_time*90*3)*1+1)+1*(math.sin(q.anim_time*90*3/2)*1+1)", 0, 0]
				}
			}
		},
		"animation.panoplybara.ground_walk": {
			"loop": true,
			"animation_length": 2,
			"bones": {
				"bone17": {
					"position": [0, 0, 0]
				},
				"rightarm": {
					"rotation": {
						"0.0": [22.5, 0, 0],
						"0.5": [40, 0, 0],
						"1.0": [8.33, 0, 0],
						"1.5": [-29.58, 0, 0],
						"2.0": [22.5, 0, 0]
					}
				},
				"rightarm2": {
					"rotation": {
						"0.0": [20, 0, 0],
						"0.5": [-69.71491, -5.14786, 8.85696],
						"1.0": [-79.80994, -3.43191, 5.90464],
						"1.5": [5.09503, -1.71595, 2.95232],
						"2.0": [20, 0, 0]
					}
				},
				"bone9": {
					"rotation": {
						"0.0": [20, 0, 0],
						"0.5": [65, 0, 0],
						"1.0": [77.5, 0, 0],
						"1.5": [31.50732, 22.77679, -3.22645],
						"2.0": [20, 0, 0]
					}
				},
				"bone10": {
					"rotation": {
						"0.0": [-52.5, 0, 0],
						"1.0": [15, 0, 0],
						"2.0": [-52.5, 0, 0]
					},
					"position": {
						"0.0": [0, 0, 2],
						"1.0": [0, 0, 0],
						"2.0": [0, 0, 2]
					}
				},
				"leftarm": {
					"rotation": {
						"0.0": [22.5, 0, 0],
						"0.5": [-29.58, 0, 0],
						"1.0": [22.5, 0, 0],
						"1.5": [40, 0, 0],
						"2.0": [22.5, 0, 0]
					}
				},
				"leftarm2": {
					"rotation": {
						"0.0": [-79.80994, 3.43191, -5.90464],
						"0.5": [5.09503, 1.71595, -2.95232],
						"1.0": [20, 0, 0],
						"1.5": [20, 0, 0],
						"2.0": [-79.80994, 3.43191, -5.90464]
					}
				},
				"bone11": {
					"rotation": {
						"0.0": [77.5, 0, 0],
						"0.5": [31.50732, -22.77679, 3.22645],
						"1.0": [20, 0, 0],
						"1.5": [20, 0, 0],
						"2.0": [65, 0, 0]
					}
				},
				"bone12": {
					"rotation": {
						"0.0": [15, 0, 0],
						"1.0": [-52.5, 0, 0],
						"2.0": [15, 0, 0]
					},
					"position": {
						"0.0": [0, 0, 0],
						"1.0": [0, 0, 2],
						"2.0": [0, 0, 0]
					}
				},
				"rightleg": {
					"rotation": {
						"0.0": [8.33, 0, 0],
						"0.5": [-29.58, 0, 0],
						"1.0": [22.5, 0, 0],
						"1.5": [40, 0, 0],
						"2.0": [8.33, 0, 0]
					}
				},
				"rightleg2": {
					"rotation": {
						"0.0": [25, 0, 0],
						"0.75": [-41.56, 0, 0],
						"1.25": [-37.44, 0, 0],
						"2.0": [25, 0, 0]
					}
				},
				"rightleg3": {
					"rotation": {
						"0.0": [-42.5, 0, 0],
						"0.75": [6.88, 0, 0],
						"1.25": [29.63, 0, 0],
						"2.0": [-42.5, 0, 0]
					}
				},
				"bone": {
					"rotation": {
						"0.0": [50, 0, 0],
						"0.75": [39.38, 0, 0],
						"1.25": [-22.37, 0, 0],
						"2.0": [50, 0, 0]
					}
				},
				"leftleg": {
					"rotation": {
						"0.0": [22.5, 0, 0],
						"0.5": [40, 0, 0],
						"1.0": [8.33, 0, 0],
						"1.5": [-29.58, 0, 0],
						"2.0": [22.5, 0, 0]
					}
				},
				"body": {
					"rotation": {
						"0.0": [0, 0, -5],
						"0.5": [0, 0, 0],
						"1.0": [0, 0, 5],
						"1.5": [0, 0, 0],
						"2.0": [0, 0, -5]
					}
				},
				"neck": {
					"rotation": {
						"0.0": [0.34481, -6.73388, 5.3523],
						"1.0": [0.34481, 6.73388, -5.3523],
						"2.0": [0.34481, -6.73388, 5.3523]
					}
				},
				"beard": {
					"rotation": {
						"0.0": [32.5, 0, 0],
						"1.0": [22.5, 0, 0],
						"2.0": [32.5, 0, 0]
					}
				},
				"leftleg2": {
					"rotation": {
						"0.0": [-37.44, 0, 0],
						"0.7083": [25, 0, 0],
						"1.5": [25, 0, 0],
						"1.75": [-41.56, 0, 0],
						"2.0": [-37.44, 0, 0]
					}
				},
				"leftleg3": {
					"rotation": {
						"0.0": [29.63, 0, 0],
						"0.5": [-42.5, 0, 0],
						"1.0": [-42.5, 0, 0],
						"1.75": [6.88, 0, 0],
						"2.0": [29.63, 0, 0]
					}
				},
				"bone6": {
					"rotation": {
						"0.0": [-22.37, 0, 0],
						"0.3333": [34.79, 0, 0],
						"0.75": [50, 0, 0],
						"1.0": [50, 0, 0],
						"1.75": [39.38, 0, 0],
						"2.0": [-22.37, 0, 0]
					}
				}
			}
		},
		"animation.panoplybara.faint": {
			"animation_length": 2,
			"bones": {
				"body": {
					"rotation": {
						"0.25": [0, 0, 0],
						"0.5": [0, 0, -7.5],
						"0.75": [0, 0, -22.5],
						"1.0": [0, 0, -37.5],
						"1.25": [0, 0, -42.5],
						"1.5": [0, 0, -40]
					},
					"position": {
						"0.25": [0, 0, 0],
						"0.5": [-2, 0, 0],
						"0.75": [-9, 0, 0],
						"1.0": [-15, -6, 0],
						"1.25": [-15, -10, 0],
						"1.5": [-15, -9, 0]
					}
				},
				"neck": {
					"rotation": {
						"0.0": [0, 0, 0],
						"0.25": [-10.79943, -2.81134, 8.87118],
						"0.5": [-11.2703, -8.68136, 13.56517],
						"0.75": [-14.41011, -22.06859, 25.28865],
						"1.0": [-14.41011, -22.06859, 25.28865],
						"1.25": [13.94106, -6.72919, 11.98911],
						"1.5": [56.44106, -6.72919, 11.98911]
					}
				},
				"head": {
					"rotation": {
						"0.0": [0, 0, 0],
						"0.25": [-15, 0, 0],
						"0.5": [-14.76837, -6.13784, -4.31837],
						"1.5": [5.11935, 5.3621, 12.07272]
					}
				},
				"righteye": {
					"position": {
						"1.0": [0, 0, 0],
						"1.25": [0.75, 0, 0]
					}
				},
				"lefteye": {
					"position": {
						"1.0": [0, 0, 0],
						"1.25": [-0.75, 0, 0]
					}
				},
				"beard": {
					"rotation": {
						"0.0": [0, 0, 0],
						"0.25": [25, 0, 0]
					}
				},
				"rightarm": {
					"rotation": {
						"0.0": [0, 0, 0],
						"0.25": [30, 0, 0],
						"0.5": [30, 0, 0],
						"0.75": [37.73819, -15.6447, -23.95409],
						"1.0": [38.02121, -28.03551, -25.69686],
						"1.25": [13.16689, -17.32004, 15.70397]
					}
				},
				"rightarm2": {
					"rotation": {
						"0.0": [0, 0, 0],
						"0.25": [-70, 0, 0],
						"0.5": [-92.5, 0, 0]
					}
				},
				"bone9": {
					"rotation": {
						"0.0": [0, 0, 0],
						"0.25": [75, 0, 0],
						"1.25": [75, 0, 0]
					}
				},
				"bone10": {
					"rotation": {
						"0.0": [0, 0, 0],
						"0.25": [40, 0, 0]
					}
				},
				"leftarm": {
					"rotation": {
						"0.25": [0, 0, 0],
						"0.5": [0, 0, 10],
						"0.75": [22.5, 0, 10],
						"1.0": [20.07342, 8.60086, 0.60287],
						"1.25": [40.55084, -3.52683, 13.5873],
						"1.5": [18.05084, -3.52683, 13.5873]
					}
				},
				"leftarm2": {
					"rotation": {
						"0.5": [0, 0, 0],
						"0.75": [-35, 0, 0],
						"1.25": [-75.83068, 19.89685, -2.20161],
						"1.5": [-43.41605, 30.61608, 5.89761]
					}
				},
				"bone11": {
					"rotation": {
						"0.5": [0, 0, 0],
						"0.75": [37.5, 0, 0],
						"1.25": [75, 0, 0]
					}
				},
				"bone12": {
					"rotation": {
						"0.0": [0, 0, 0],
						"1.25": [52.5, 0, 0],
						"1.5": [-67.5, 0, 0]
					},
					"position": {
						"1.25": [0, 0, 0],
						"1.5": [0, 0, 2]
					}
				},
				"rightleg": {
					"rotation": {
						"0.0": [0, 0, 0],
						"0.5": [0, 0, 7.5],
						"1.0": [-35, 0, 7.5],
						"1.5": [-34.65993, -3.21132, -4.58681]
					}
				},
				"rightleg2": {
					"rotation": {
						"0.75": [0, 0, 0],
						"1.0": [45, 0, 0],
						"1.5": [37.39409, 29.4987, -28.34077]
					}
				},
				"rightleg3": {
					"rotation": {
						"0.75": [0, 0, 0],
						"1.0": [-30, 0, 0]
					}
				},
				"bone": {
					"rotation": [12.5, 0, 0]
				},
				"leftleg": {
					"rotation": {
						"0.5": [0, 0, 0],
						"1.0": [-12.5, 0, 0],
						"1.5": [-22.5, 0, 0]
					}
				},
				"leftleg2": {
					"rotation": {
						"0.5": [0, 0, 0],
						"1.0": [-32.5, 0, 0],
						"1.5": [-7.5, 0, 0]
					}
				},
				"leftleg3": {
					"rotation": {
						"0.5": [0, 0, 0],
						"1.0": [42.5, 0, 0],
						"1.5": [15, 0, 0]
					}
				},
				"bone6": {
					"rotation": [30, 0, 0]
				}
			}
		},
		"animation.panoplybara.sleep": {
			"loop": true,
			"animation_length": 2,