{
	"format_version": "1.8.0",
	"animations": {
		"animation.sawk.blink": {
			"loop": true
		},
		"animation.sawk.ground_idle": {
			"loop": true,
			"animation_length": 3.0417,
			"bones": {
				"arm_right": {
					"rotation": [0, 0, 77.5],
					"position": [-15, 26, 0]
				},
				"arm_left": {
					"rotation": [0, 0, -75],
					"position": [15, 22, 1]
				},
				"torso": {
					"rotation": {
						"0.0": [2.5, 0, 0],
						"1.5417": [-2.5, 0, 0],
						"3.0": [2.5, 0, 0]
					}
				},
				"head": {
					"rotation": {
						"0.0": [2.5, 0, 0],
						"1.5417": [0, 0, 0],
						"3.0": [2.5, 0, 0]
					}
				}
			}
		},
		"animation.sawk.ground_walk": {
			"loop": true,
			"animation_length": 3.0417,
			"bones": {
				"arm_right": {
					"rotation": {
						"0.0": [0, -7.5, 77.5],
						"1.5417": [0, 2.5, 77.5],
						"3.0": [0, -7.5, 77.5]
					},
					"position": {
						"0.0": [-15, 26, 0],
						"3.0": [-15, 26, 0]
					}
				},
				"arm_left": {
					"rotation": {
						"0.0": [-0.8461, 14.28967, -79.65073],
						"1.5417": [0.0225, -4.77228, -73.50764],
						"3.0": [-0.8461, 14.28967, -79.65073]
					},
					"position": {
						"0.0": [15, 22, 1],
						"3.0": [15, 22, 1]
					}
				},
				"torso": {
					"rotation": {
						"0.0": [2.5, 0, 0],
						"1.5417": [-2.5, 0, 0],
						"3.0": [2.5, 0, 0]
					}
				},
				"head": {
					"rotation": {
						"0.0": [2.5, 0, 0],
						"1.5417": [0, 0, 0],
						"3.0": [2.5, 0, 0]
					}
				},
				"sawk": {
					"rotation": {
						"0.0": [2.5, 0, 0],
						"1.5417": [0, 0, 0],
						"3.0": [2.5, 0, 0]
					}
				},
				"leg_right": {
					"rotation": {
						"0.0": [9.99169, 0.40146, -0.04659],
						"1.5417": [-10.00831, 0.40146, -0.04659],
						"3.0": [9.99169, 0.40146, -0.04659]
					}
				},
				"leg_left": {
					"rotation": {
						"0.0": [0, 0, 0],
						"1.5417": [-5, 0, 0],
						"3.0": [0, 0, 0]
					},
					"position": {
						"0.0": [0, 0, 0],
						"1.5417": [0, 0, 1.54],
						"3.0": [0, 0, 0]
					}
				}
			}
		}
	}
}