{
	"format_version": "1.8.0",
	"animations": {
		"animation.spritzee.blink": {
			"loop": true
		},
		"animation.spritzee.ground_idle": {
			"loop": true,
			"animation_length": 1.54167,
			"bones": {
				"body": {
					"rotation": {
						"0.0": [0, 0, 0],
						"0.8333": [2.5, 0, 0],
						"1.5417": [0, 0, 0]
					}
				},
				"wings": {
					"rotation": {
						"0.0": [5, 0, 0],
						"0.8333": [0, 0, 0],
						"1.5417": [5, 0, 0]
					}
				},
				"snounts": {
					"rotation": {
						"0.0": [-2.5, 0, 0],
						"0.8333": [0, 0, 0],
						"1.5417": [-2.5, 0, 0]
					}
				},
				"hairs": {
					"rotation": {
						"0.0": [5, 0, 0],
						"0.8333": [-2.5, 0, 0],
						"1.5417": [5, 0, 0]
					}
				},
				"all": {
					"position": {
						"0.0": [0, 1, 0],
						"0.8333": [0, 0, 0],
						"1.5417": [0, 1, 0]
					}
				}
			}
		},
		"animation.spritzee.ground_walk": {
			"loop": true,
			"animation_length": 1.54167,
			"bones": {
				"body": {
					"rotation": {
						"0.0": [0, 0, 0],
						"0.8333": [2.5, 0, 0],
						"1.5417": [0, 0, 0]
					}
				},
				"wings": {
					"rotation": {
						"0.0": [5, 0, 0],
						"0.8333": [0, 0, 0],
						"1.5417": [5, 0, 0]
					}
				},
				"snounts": {
					"rotation": {
						"0.0": [-2.5, 0, 0],
						"0.8333": [0, 0, 0],
						"1.5417": [-2.5, 0, 0]
					}
				},
				"hairs": {
					"rotation": {
						"0.0": [5, 0, 0],
						"0.8333": [-2.5, 0, 0],
						"1.5417": [5, 0, 0]
					}
				},
				"all": {
					"position": {
						"0.0": [0, 1, 0],
						"0.8333": [0, 0, 0],
						"1.5417": [0, 1, 0]
					}
				},
				"legs": {
					"rotation": {
						"0.0": [17.5, 0, 0],
						"0.5833": [-7.5, 0, 0],
						"1.1667": [17.5, 0, 0]
					},
					"position": {
						"0.0": [0, 1, 1],
						"0.5833": [0, 0, 1],
						"1.1667": [0, 1, 1]
					}
				}
			}
		}
	}
}