{
	"format_version": "1.8.0",
	"animations": {
		"animation.rotom_heat_cl.ground_idle": {
			"loop": true,
			"animation_length": 2,
			"bones": {
				"body": {
					"rotation": [0, "0+math.sin(q.anim_time*90*2)*8", "0+math.sin(q.anim_time*90*2)*2"],
					"position": ["0-math.sin(q.anim_time*90*2-10)*1", "2+math.sin(q.anim_time*180*2-90)*1", 0]
				},
				"mouth_closed": {
					"position": [0, 0, 0.1]
				},
				"mouth_open": {
					"position": [0, 0, 0.1]
				},
				"arm_left": {
					"rotation": [0, 7.5, "10-math.sin(q.anim_time*180*2-90)*16"]
				},
				"arm_left2": {
					"rotation": [0, 12.5, "-17.5-math.sin(q.anim_time*180*2-150)*16"]
				},
				"hand_left": {
					"rotation": {
						"0.0": [0, 17.5, -12.5],
						"0.0833": {"pre": [0, 17.5, -12.5], "post": [-6.15491, 16.41371, -33.38852]},
						"0.1667": {"pre": [-6.15491, 16.41371, -33.38852], "post": [0, 17.5, -12.5]},
						"0.25": {"pre": [0, 17.5, -12.5], "post": [-6.15491, 16.41371, -33.38852]},
						"0.3333": {"pre": [-6.15491, 16.41371, -33.38852], "post": [0, 17.5, -12.5]},
						"0.4167": {"pre": [0, 17.5, -12.5], "post": [-6.15491, 16.41371, -33.38852]},
						"0.5": {"pre": [-6.15491, 16.41371, -33.38852], "post": [0, 17.5, -12.5]},
						"0.5833": {"pre": [0, 17.5, -12.5], "post": [-6.15491, 16.41371, -33.38852]},
						"0.6667": {"pre": [-6.15491, 16.41371, -33.38852], "post": [0, 17.5, -12.5]},
						"0.75": {"pre": [0, 17.5, -12.5], "post": [-6.15491, 16.41371, -33.38852]},
						"0.8333": {"pre": [-6.15491, 16.41371, -33.38852], "post": [0, 17.5, -12.5]},
						"0.9167": {"pre": [0, 17.5, -12.5], "post": [-6.15491, 16.41371, -33.38852]},
						"1.0": {"pre": [-6.15491, 16.41371, -33.38852], "post": [0, 17.5, -12.5]},
						"1.0833": {"pre": [0, 17.5, -12.5], "post": [-6.15491, 16.41371, -33.38852]},
						"1.1667": {"pre": [-6.15491, 16.41371, -33.38852], "post": [0, 17.5, -12.5]},
						"1.25": {"pre": [0, 17.5, -12.5], "post": [-6.15491, 16.41371, -33.38852]},
						"1.3333": {"pre": [-6.15491, 16.41371, -33.38852], "post": [0, 17.5, -12.5]},
						"1.4167": {"pre": [0, 17.5, -12.5], "post": [-6.15491, 16.41371, -33.38852]},
						"1.5": {"pre": [-6.15491, 16.41371, -33.38852], "post": [0, 17.5, -12.5]},
						"1.5833": {"pre": [0, 17.5, -12.5], "post": [-6.15491, 16.41371, -33.38852]},
						"1.6667": {"pre": [-6.15491, 16.41371, -33.38852], "post": [0, 17.5, -12.5]},
						"1.75": {"pre": [0, 17.5, -12.5], "post": [-6.15491, 16.41371, -33.38852]},
						"1.8333": {"pre": [-6.15491, 16.41371, -33.38852], "post": [0, 17.5, -12.5]},
						"1.9167": {"pre": [0, 17.5, -12.5], "post": [-6.15491, 16.41371, -33.38852]},
						"2.0": {"pre": [-6.15491, 16.41371, -33.38852], "post": [0, 17.5, -12.5]}
					}
				},
				"arm_right": {
					"rotation": [0, -7.5, "-10+math.sin(q.anim_time*180*2-90)*16"]
				},
				"arm_right2": {
					"rotation": [0, -12.5, "17.5+math.sin(q.anim_time*180*2-150)*16"]
				},
				"hand_right": {
					"rotation": {
						"0.0": [0, -17.5, 12.5],
						"0.0833": {"pre": [0, -17.5, 12.5], "post": [-6.15491, -16.41371, 33.38852]},
						"0.1667": {"pre": [-6.15491, -16.41371, 33.38852], "post": [0, -17.5, 12.5]},
						"0.25": {"pre": [0, -17.5, 12.5], "post": [-6.15491, -16.41371, 33.38852]},
						"0.3333": {"pre": [-6.15491, -16.41371, 33.38852], "post": [0, -17.5, 12.5]},
						"0.4167": {"pre": [0, -17.5, 12.5], "post": [-6.15491, -16.41371, 33.38852]},
						"0.5": {"pre": [-6.15491, -16.41371, 33.38852], "post": [0, -17.5, 12.5]},
						"0.5833": {"pre": [0, -17.5, 12.5], "post": [-6.15491, -16.41371, 33.38852]},
						"0.6667": {"pre": [-6.15491, -16.41371, 33.38852], "post": [0, -17.5, 12.5]},
						"0.75": {"pre": [0, -17.5, 12.5], "post": [-6.15491, -16.41371, 33.38852]},
						"0.8333": {"pre": [-6.15491, -16.41371, 33.38852], "post": [0, -17.5, 12.5]},
						"0.9167": {"pre": [0, -17.5, 12.5], "post": [-6.15491, -16.41371, 33.38852]},
						"1.0": {"pre": [-6.15491, -16.41371, 33.38852], "post": [0, -17.5, 12.5]},
						"1.0833": {"pre": [0, -17.5, 12.5], "post": [-6.15491, -16.41371, 33.38852]},
						"1.1667": {"pre": [-6.15491, -16.41371, 33.38852], "post": [0, -17.5, 12.5]},
						"1.25": {"pre": [0, -17.5, 12.5], "post": [-6.15491, -16.41371, 33.38852]},
						"1.3333": {"pre": [-6.15491, -16.41371, 33.38852], "post": [0, -17.5, 12.5]},
						"1.4167": {"pre": [0, -17.5, 12.5], "post": [-6.15491, -16.41371, 33.38852]},
						"1.5": {"pre": [-6.15491, -16.41371, 33.38852], "post": [0, -17.5, 12.5]},
						"1.5833": {"pre": [0, -17.5, 12.5], "post": [-6.15491, -16.41371, 33.38852]},
						"1.6667": {"pre": [-6.15491, -16.41371, 33.38852], "post": [0, -17.5, 12.5]},
						"1.75": {"pre": [0, -17.5, 12.5], "post": [-6.15491, -16.41371, 33.38852]},
						"1.8333": {"pre": [-6.15491, -16.41371, 33.38852], "post": [0, -17.5, 12.5]},
						"1.9167": {"pre": [0, -17.5, 12.5], "post": [-6.15491, -16.41371, 33.38852]},
						"2.0": {"pre": [-6.15491, -16.41371, 33.38852], "post": [0, -17.5, 12.5]}
					}
				},
				"door_outline": {
					"scale": 0.5
				},
				"mouth_smile": {
					"position": [0, 0, -0.1]
				}
			}
		},
		"animation.rotom_heat_cl.blink": {
			"animation_length": 0.1667,
			"bones": {
				"eyelid_left": {
					"position": {
						"0.0": [0, 0, -0.1],
						"0.125": [0, 0, -0.1],
						"0.1667": [0, 0, 0]
					}
				},
				"eyelid_right": {
					"position": {
						"0.0": [0, 0, -0.1],
						"0.125": [0, 0, -0.1],
						"0.1667": [0, 0, 0]
					}
				}
			}
		},
		"animation.rotom_heat.open_example": {
			"animation_length": 1.5,
			"bones": {
				"door": {
					"rotation": {
						"0.0": [90, 0, 0],
						"1.0": [0, 0, 0]
					}
				},
				"door_outline": {
					"scale": {
						"0.0": [1, 1, 1],
						"0.9583": [1, 1, 1],
						"1.0": [0.5, 0.5, 0.5]
					}
				}
			}
		}
	}
}