{
	"format_version": "1.8.0",
	"animations": {
		"render": {
			"loop": true,
			"bones": {
				"leg": {
					"rotation": [16.5, 0, 0]
				},
				"arm_left3": {
					"rotation": [8.42345, 1.08902, -11.18105]
				},
				"arm_left2": {
					"rotation": [18.60918, -14.6131, -27.4069]
				},
				"arm_left": {
					"rotation": [-13.46597, -17.94489, 30.2924]
				},
				"arm_right": {
					"rotation": [0, 0, 20.5]
				},
				"arm_right2": {
					"rotation": [-45.74309, -10.59173, 10.68275]
				},
				"arm_right3": {
					"rotation": [-43.91789, -17.19626, 15.89081]
				}
			}
		},
		"animation.clobbopus.ground_idle": {
			"loop": true
		}
	}
}