{
	"format_version": "1.8.0",
	"animations": {
		"pose": {
			"loop": true,
			"bones": {
				"tarountula2": {
					"position": [0, 2, 0]
				},
				"leg_left_1": {
					"rotation": [-20.27062, 6.98215, -60.68107]
				},
				"leg_left_1_2": {
					"rotation": [0, 0, 55]
				},
				"leg_left_2": {
					"rotation": [-10.23995, 4.4837, -63.33966]
				},
				"leg_left_2_2": {
					"rotation": [0, 0, 55]
				},
				"leg_left_3": {
					"rotation": [7.92901, -4.28428, -60.62498]
				},
				"leg_left_3_2": {
					"rotation": [0, 0, 50]
				},
				"leg_left_4": {
					"rotation": [28.54119, -15.7487, -59.89119]
				},
				"leg_left_4_2": {
					"rotation": [0, 0, 55]
				},
				"leg_right_1": {
					"rotation": [-30.08023, -16.29163, 64.82664]
				},
				"leg_right_1_2": {
					"rotation": [0, 0, -60]
				},
				"leg_right_2": {
					"rotation": [-9.71975, -3.40487, 60.59196]
				},
				"leg_right_2_2": {
					"rotation": [0, 0, -55]
				},
				"leg_right_3": {
					"rotation": [9.91615, 1.29876, 62.61267]
				},
				"leg_right_3_2": {
					"rotation": [0, 0, -62.5]
				},
				"leg_right_4": {
					"rotation": [32.47528, 1.34295, 65.39114]
				},
				"leg_right_4_2": {
					"rotation": [-6.93827, -7.9207, -63.7551]
				},
				"head": {
					"rotation": [-17.65586, -17.07706, -0.65423]
				},
				"thread2": {
					"rotation": [0, -57.5, 0]
				},
				"body": {
					"rotation": [0, 0, 2.5]
				},
				"thread3": {
					"rotation": [-25, 0, 0]
				}
			}
		},
		"animation.tarountula.ground_idle": {
			"loop": true,
			"bones": {
				"tarountula2": {
					"position": [0, 2, 0]
				},
				"leg_left_1": {
					"rotation": [-20.27062, 6.98215, -60.68107]
				},
				"leg_left_1_2": {
					"rotation": [0, 0, 55]
				},
				"leg_left_2": {
					"rotation": [-10.23995, 4.4837, -63.33966]
				},
				"leg_left_2_2": {
					"rotation": [0, 0, 55]
				},
				"leg_left_3": {
					"rotation": [7.92901, -4.28428, -60.62498]
				},
				"leg_left_3_2": {
					"rotation": [0, 0, 50]
				},
				"leg_left_4": {
					"rotation": [28.54119, -15.7487, -59.89119]
				},
				"leg_left_4_2": {
					"rotation": [0, 0, 55]
				},
				"leg_right_1": {
					"rotation": [-30.08023, -16.29163, 64.82664]
				},
				"leg_right_1_2": {
					"rotation": [0, 0, -60]
				},
				"leg_right_2": {
					"rotation": [-9.71975, -3.40487, 60.59196]
				},
				"leg_right_2_2": {
					"rotation": [0, 0, -55]
				},
				"leg_right_3": {
					"rotation": [9.91615, 1.29876, 62.61267]
				},
				"leg_right_3_2": {
					"rotation": [0, 0, -62.5]
				},
				"leg_right_4": {
					"rotation": [32.47528, 1.34295, 65.39114]
				},
				"leg_right_4_2": {
					"rotation": [-6.93827, -7.9207, -63.7551]
				},
				"head": {
					"rotation": [-17.65586, -17.07706, -0.65423]
				},
				"thread2": {
					"rotation": [0, -57.5, 0]
				},
				"body": {
					"rotation": [0, 0, 2.5]
				},
				"thread3": {
					"rotation": [-25, 0, 0]
				}
			}
		},
		"animation.tarountula.ground_walk": {
			"loop": true,
			"bones": {
				"tarountula2": {
					"position": [0, 2, 0]
				},
				"leg_left_1": {
					"rotation": [-20.27062, 6.98215, -60.68107]
				},
				"leg_left_1_2": {
					"rotation": [0, 0, 55]
				},
				"leg_left_2": {
					"rotation": [-10.23995, 4.4837, -63.33966]
				},
				"leg_left_2_2": {
					"rotation": [0, 0, 55]
				},
				"leg_left_3": {
					"rotation": [7.92901, -4.28428, -60.62498]
				},
				"leg_left_3_2": {
					"rotation": [0, 0, 50]
				},
				"leg_left_4": {
					"rotation": [28.54119, -15.7487, -59.89119]
				},
				"leg_left_4_2": {
					"rotation": [0, 0, 55]
				},
				"leg_right_1": {
					"rotation": [-30.08023, -16.29163, 64.82664]
				},
				"leg_right_1_2": {
					"rotation": [0, 0, -60]
				},
				"leg_right_2": {
					"rotation": [-9.71975, -3.40487, 60.59196]
				},
				"leg_right_2_2": {
					"rotation": [0, 0, -55]
				},
				"leg_right_3": {
					"rotation": [9.91615, 1.29876, 62.61267]
				},
				"leg_right_3_2": {
					"rotation": [0, 0, -62.5]
				},
				"leg_right_4": {
					"rotation": [32.47528, 1.34295, 65.39114]
				},
				"leg_right_4_2": {
					"rotation": [-6.93827, -7.9207, -63.7551]
				},
				"head": {
					"rotation": [-17.65586, -17.07706, -0.65423]
				},
				"thread2": {
					"rotation": [0, -57.5, 0]
				},
				"body": {
					"rotation": [0, 0, 2.5]
				},
				"thread3": {
					"rotation": [-25, 0, 0]
				}
			}
		}
	}
}