{
	"format_version": "1.8.0",
	"animations": {
		"animation.ironfeathers.air_fly": {
			"loop": true,
			"animation_length": 2,
			"bones": {
				"body": {
					"rotation": {
						"0.0": [27.5, 0, 0],
						"0.25": [27.5, 0, 2.5],
						"0.5": [27.5, 0, -2.5],
						"0.75": [27.5, 0, -2.5],
						"1.0": [27.5, 0, 0],
						"1.25": [27.5, 0, -2.5],
						"1.5": [27.5, 0, 2.5],
						"1.75": [27.5, 0, 2.5],
						"2.0": [27.5, 0, 0]
					},
					"position": {
						"0.0": [0, 0, 0],
						"0.25": [1, 0, 0],
						"0.75": [0, 0, 0],
						"1.0": [0, 0, 0],
						"1.25": [-1, 0, 0],
						"1.75": [0, 0, 0],
						"2.0": [0, 0, 0]
					}
				},
				"rightwing": {
					"rotation": {
						"0.0": [-34.49434, -45.62096, 74.56336],
						"0.25": [-34.62536, -45.64958, 69.56173],
						"0.5": [-34.42802, -45.61097, 77.06422],
						"1.0": [-34.49434, -45.62096, 74.56336],
						"1.25": [-34.49434, -45.62096, 74.56336],
						"1.5": [-34.42802, -45.61097, 77.06422],
						"2.0": [-34.49434, -45.62096, 74.56336]
					}
				},
				"rightfan": {
					"rotation": [0, -55, 0]
				},
				"rightwingpart2": {
					"rotation": [0, -40, 0]
				},
				"head": {
					"rotation": [-22.5, 0, 0]
				},
				"spine1": {
					"rotation": [-22.5, 0, 0]
				},
				"tail1": {
					"rotation": [-12.5, 0, 0]
				},
				"bone2": {
					"rotation": {
						"0.0": [0, 0, 0],
						"0.5": [5, 0, 0],
						"1.0": [-2.5, 0, 0],
						"2.0": [0, 0, 0]
					}
				},
				"bone3": {
					"rotation": {
						"0.0": [0, 0, 0],
						"0.5": [22.5, 0, 0],
						"1.0": [22.5, 0, 0],
						"2.0": [0, 0, 0]
					}
				},
				"leftleg": {
					"rotation": [42.5, 0, 0]
				},
				"rl4": {
					"rotation": [-17.5, 0, 0]
				},
				"rl5": {
					"rotation": [65, 0, 0],
					"position": [0, -2, -2]
				},
				"rltoes2": {
					"rotation": [105, 0, 0]
				},
				"bone6": {
					"rotation": {
						"0.0": [0, 0, 0],
						"0.25": [0, 90, 0],
						"0.5": [0, 180, 0],
						"0.75": [0, 270, 0],
						"1.0": [0, 0, 0],
						"1.25": [0, 90, 0],
						"1.5": [0, 180, 0],
						"1.75": [0, 270, 0],
						"2.0": [0, 360, 0]
					}
				},
				"leftwing": {
					"rotation": {
						"0.0": [-34.49434, 45.62096, -74.56336],
						"0.25": [-34.49434, 45.62096, -74.56336],
						"0.5": [-34.42802, 45.61097, -77.06422],
						"1.0": [-34.49434, 45.62096, -74.56336],
						"1.25": [-34.62536, 45.64958, -69.56173],
						"1.5": [-34.42802, 45.61097, -77.06422],
						"2.0": [-34.49434, 45.62096, -74.56336]
					}
				},
				"leftfan": {
					"rotation": [0, 55, 0]
				},
				"bone7": {
					"rotation": {
						"0.0": [0, 0, 0],
						"0.25": [0, 90, 0],
						"0.5": [0, 180, 0],
						"0.75": [0, 270, 0],
						"1.0": [0, 0, 0],
						"1.25": [0, 90, 0],
						"1.5": [0, 180, 0],
						"1.75": [0, 270, 0],
						"2.0": [0, 360, 0]
					}
				},
				"leftwingpart2": {
					"rotation": [0, 40, 0]
				},
				"bone8": {
					"rotation": {
						"0.0": [0, 0, 0],
						"0.25": [90, 0, 0],
						"0.5": [180, 0, 0],
						"0.75": [270, 0, 0],
						"1.0": [0, 0, 0],
						"1.25": [90, 0, 0],
						"1.5": [180, 0, 0],
						"1.75": [270, 0, 0],
						"2.0": [360, 0, 0]
					}
				},
				"rightleg": {
					"rotation": [42.5, 0, 0]
				},
				"bone4": {
					"rotation": {
						"0.0": [0, 0, 0],
						"0.25": [90, 0, 0],
						"0.5": [180, 0, 0],
						"0.75": [270, 0, 0],
						"1.0": [0, 0, 0],
						"1.25": [90, 0, 0],
						"1.5": [180, 0, 0],
						"1.75": [270, 0, 0],
						"2.0": [360, 0, 0]
					}
				},
				"rl2": {
					"rotation": [-17.5, 0, 0]
				},
				"rl3": {
					"rotation": [65, 0, 0],
					"position": [0, -2, -2]
				},
				"rltoes3": {
					"rotation": [105, 0, 0]
				}
			}
		},
		"animation.ironfeathers.air_idle": {
			"loop": true,
			"animation_length": 2,
			"bones": {
				"body": {
					"rotation": {
						"0.0": [27.5, 0, 0],
						"0.25": [27.5, 0, 2.5],
						"0.5": [27.5, 0, -2.5],
						"0.75": [27.5, 0, -2.5],
						"1.0": [27.5, 0, 0],
						"1.25": [27.5, 0, -2.5],
						"1.5": [27.5, 0, 2.5],
						"1.75": [27.5, 0, 2.5],
						"2.0": [27.5, 0, 0]
					},
					"position": {
						"0.0": [0, 0, 0],
						"0.25": [1, 0, 0],
						"0.75": [0, 0, 0],
						"1.0": [0, 0, 0],
						"1.25": [-1, 0, 0],
						"1.75": [0, 0, 0],
						"2.0": [0, 0, 0]
					}
				},
				"rightwing": {
					"rotation": {
						"0.0": [-34.49434, -45.62096, 74.56336],
						"0.25": [-34.62536, -45.64958, 69.56173],
						"0.5": [-34.42802, -45.61097, 77.06422],
						"1.0": [-34.49434, -45.62096, 74.56336],
						"1.25": [-34.49434, -45.62096, 74.56336],
						"1.5": [-34.42802, -45.61097, 77.06422],
						"2.0": [-34.49434, -45.62096, 74.56336]
					}
				},
				"rightfan": {
					"rotation": [0, -55, 0]
				},
				"rightwingpart2": {
					"rotation": [0, -40, 0]
				},
				"head": {
					"rotation": [-22.5, 0, 0]
				},
				"spine1": {
					"rotation": [-42.5, 0, 0]
				},
				"tail1": {
					"rotation": [-12.5, 0, 0]
				},
				"bone2": {
					"rotation": {
						"0.0": [0, 0, 0],
						"0.5": [5, 0, 0],
						"1.0": [-2.5, 0, 0],
						"2.0": [0, 0, 0]
					}
				},
				"bone3": {
					"rotation": {
						"0.0": [0, 0, 0],
						"0.5": [22.5, 0, 0],
						"1.0": [22.5, 0, 0],
						"2.0": [0, 0, 0]
					}
				},
				"leftleg": {
					"rotation": [42.5, 0, 0]
				},
				"rl4": {
					"rotation": [-17.5, 0, 0]
				},
				"rl5": {
					"rotation": [65, 0, 0],
					"position": [0, -2, -2]
				},
				"rltoes2": {
					"rotation": [105, 0, 0]
				},
				"bone6": {
					"rotation": {
						"0.0": [0, 0, 0],
						"0.25": [0, 90, 0],
						"0.5": [0, 180, 0],
						"0.75": [0, 270, 0],
						"1.0": [0, 0, 0],
						"1.25": [0, 90, 0],
						"1.5": [0, 180, 0],
						"1.75": [0, 270, 0],
						"2.0": [0, 360, 0]
					}
				},
				"leftwing": {
					"rotation": {
						"0.0": [-34.49434, 45.62096, -74.56336],
						"0.25": [-34.49434, 45.62096, -74.56336],
						"0.5": [-34.42802, 45.61097, -77.06422],
						"1.0": [-34.49434, 45.62096, -74.56336],
						"1.25": [-34.62536, 45.64958, -69.56173],
						"1.5": [-34.42802, 45.61097, -77.06422],
						"2.0": [-34.49434, 45.62096, -74.56336]
					}
				},
				"leftfan": {
					"rotation": [0, 55, 0]
				},
				"bone7": {
					"rotation": {
						"0.0": [0, 0, 0],
						"0.25": [0, 90, 0],
						"0.5": [0, 180, 0],
						"0.75": [0, 270, 0],
						"1.0": [0, 0, 0],
						"1.25": [0, 90, 0],
						"1.5": [0, 180, 0],
						"1.75": [0, 270, 0],
						"2.0": [0, 360, 0]
					}
				},
				"leftwingpart2": {
					"rotation": [0, 40, 0]
				},
				"bone8": {
					"rotation": {
						"0.0": [0, 0, 0],
						"0.25": [90, 0, 0],
						"0.5": [180, 0, 0],
						"0.75": [270, 0, 0],
						"1.0": [0, 0, 0],
						"1.25": [90, 0, 0],
						"1.5": [180, 0, 0],
						"1.75": [270, 0, 0],
						"2.0": [360, 0, 0]
					}
				},
				"rightleg": {
					"rotation": [42.5, 0, 0]
				},
				"bone4": {
					"rotation": {
						"0.0": [0, 0, 0],
						"0.25": [90, 0, 0],
						"0.5": [180, 0, 0],
						"0.75": [270, 0, 0],
						"1.0": [0, 0, 0],
						"1.25": [90, 0, 0],
						"1.5": [180, 0, 0],
						"1.75": [270, 0, 0],
						"2.0": [360, 0, 0]
					}
				},
				"rl2": {
					"rotation": [-17.5, 0, 0]
				},
				"rl3": {
					"rotation": [65, 0, 0],
					"position": [0, -2, -2]
				},
				"rltoes3": {
					"rotation": [105, 0, 0]
				}
			}
		},
		"animation.ironfeathers.ground_walk": {
			"loop": true,
			"animation_length": 2,
			"bones": {
				"body": {
					"rotation": {
						"0.0": [27.5, 0, 0],
						"0.25": [27.5, 0, 2.5],
						"0.5": [27.5, 0, -2.5],
						"0.75": [27.5, 0, -2.5],
						"1.0": [27.5, 0, 0],
						"1.25": [27.5, 0, -2.5],
						"1.5": [27.5, 0, 2.5],
						"1.75": [27.5, 0, 2.5],
						"2.0": [27.5, 0, 0]
					},
					"position": {
						"0.0": [0, 0, 0],
						"0.25": [1, 0, 0],
						"0.75": [0, 0, 0],
						"1.0": [0, 0, 0],
						"1.25": [-1, 0, 0],
						"1.75": [0, 0, 0],
						"2.0": [0, 0, 0]
					}
				},