{
	"format_version": "1.8.0",
	"animations": {
		"animation.vileplumemario.sleep": {
			"loop": true,
			"animation_length": 2,
			"bones": {
				"body": {
					"rotation": [-7.5, 0, 0],
					"position": [0, -1.25, 0]
				},
				"torso": {
					"rotation": [-7.5, 0, 0]
				},
				"arm_left": {
					"rotation": [0, -12.5, 35]
				},
				"arm_right": {
					"rotation": [0, 12.5, -35]
				},
				"leg_right": {
					"rotation": [-40, 0, 0]
				},
				"foot_right": {
					"rotation": [22.5, 0, 0]
				},
				"leg_left": {
					"rotation": [-40, 0, 0]
				},
				"foot_left": {
					"rotation": [22.5, 0, 0]
				},
				"propeller": {
					"rotation": {
						"0.0": [0, 0, 0],
						"2.0": [0, 180, 0]
					}
				}
			}
		},
		"animation.vileplumemario.faint": {
			"animation_length": 3,
			"bones": {
				"arm_left": {
					"rotation": {
						"0.0": [0, 55, 0],
						"0.25": [0, -27.5, 0],
						"0.5": [0, -35, 0],
						"1.3333": [0, 67.5, 0],
						"2.5833": [0, -50, 0]
					}
				},
				"arm_right": {
					"rotation": {
						"0.0": [0, -45, 0],
						"0.25": [0, 27.5, 0],
						"0.5": [0, 35, 0],
						"1.3333": [0, -82.5, 0],
						"2.5833": [0, 50, 0]
					}
				},
				"leg_left": {
					"rotation": {
						"0.0": [-7.5, 0, 0],
						"0.125": [12.5, 0, 0],
						"0.3333": [17.35932, 2.24944, -7.15656],
						"0.875": [17.35932, 2.24944, -7.15656],
						"1.0833": [2.35932, 2.24944, -7.15656]
					}
				},
				"foot_left": {
					"rotation": {
						"0.0": [0, 0, 0],
						"0.875": [0, 0, 0],
						"1.0833": [-15, 0, 0],
						"1.5": [25, 0, 0]
					}
				},
				"leg_right": {
					"rotation": {
						"0.0": [-7.5, 0, 0],
						"0.3333": [-12.5, 0, 0],
						"0.875": [12.5, 0, 0],
						"1.0833": [2.5, 0, 0]
					}
				},
				"foot_right": {
					"rotation": {
						"0.0": [0, 0, 0],
						"0.875": [0, 0, 0],
						"1.0833": [-15, 0, 0],
						"1.5": [25, 0, 0]
					}
				},
				"body": {
					"rotation": {
						"0.0": [7.5, 0, 0],
						"0.125": [-12.48848, -0.54094, -2.44081],
						"0.3333": [-17.43745, 1.50179, 4.76968],
						"0.625": [-22.48072, 0.95645, 2.30991],
						"0.875": [-20, 0, 0],
						"1.0833": [15, 0, 0],
						"1.3333": [47.5, 0, 0],
						"1.7083": [-22.5, 0, 0],
						"2.25": [-90, 0, 0]
					},
					"position": {
						"0.0": [0, 0, 0],
						"0.125": [0, 0, 2],
						"0.3333": [0, 0, 3],
						"0.875": [0, 0, 3],
						"1.3333": [0, 0, -2],
						"1.7083": [0, 2.5, -2],
						"2.25": [0, 4.5, 0],
						"2.5": [0, -3, 5],
						"2.5833": [0, -2.75, 5.25],
						"2.625": [0, -3, 5.5]
					}
				},
				"foot_right2": {
					"rotation": {
						"0.0": [0, 0, 0],
						"0.3333": [-10, 0, 0],
						"0.875": [-10, 0, 0],
						"1.0833": [0, 0, 0]
					}
				},
				"propeller": {
					"rotation": {
						"0.0": {
							"post": [0, 0, 0],
							"lerp_mode": "catmullrom"
						},
						"1.0": {
							"post": [0, 0, 0],
							"lerp_mode": "catmullrom"
						},
						"1.25": {
							"post": [0, -90, 0],
							"lerp_mode": "catmullrom"
						},
						"1.75": {
							"post": [0, -360, 0],
							"lerp_mode": "catmullrom"
						},
						"2.25": {
							"post": [0, -335, 0],
							"lerp_mode": "catmullrom"
						}
					}
				}
			}
		},
		"animation.vileplumemario.special_attack": {
			"loop": true,
			"animation_length": 3,
			"bones": {
				"torso": {
					"rotation": {
						"0.0": ["5+(math.sin(q.anim_time*90*2)*1-1)*4", 0, 0],
						"0.55": ["22.5+(math.sin(q.anim_time*90*2)*1-1)*4", 0, 0],
						"1.0": ["(math.sin(q.anim_time*90*2)*1-1)*4", 0, 0],
						"2.5": [-11.58, 0, 0],
						"2.8": ["7.5+(math.sin(q.anim_time*90*2)*1-1)*4", 0, 0],
						"3.0": ["5+(math.sin(q.anim_time*90*2)*1-1)*4", 0, 0]
					},
					"position": {
						"0.0": [0, "0.65-math.sin(q.anim_time*90*2-90)*0.25", "(math.sin(q.anim_time*90*2-90)*1+1)*0.1"],
						"0.55": [0, 1.21, -1.48],
						"1.0": [0, "2.65-math.sin(q.anim_time*90*2-90)*0.25", "-1.7+(math.sin(q.anim_time*90*2-90)*1+1)*0.1"],
						"2.5": [0, 2.08, -1.53],
						"2.8": [0, 1.21, -0.48],
						"3.0": [0, "0.65-math.sin(q.anim_time*90*2-90)*0.25", "(math.sin(q.anim_time*90*2-90)*1+1)*0.1"]
					}
				},
				"arm_left": {
					"rotation": {
						"0.0": [0, 0, "15+(-math.sin(query.anim_time*90*2-10)*1+1)*4"],
						"0.55": [17.5974, 34.21636, "21.1452+(-math.sin(query.anim_time*90*2-10)*1+1)*4"],
						"1.0": [-9.91615, 1.29876, "-35.1127+(-math.sin(query.anim_time*90*2-10)*1+1)*4"],
						"2.5": [-4.25, 8.08, -16.34],
						"2.8": [17.5974, 34.21636, "21.1452+(-math.sin(query.anim_time*90*2-10)*1+1)*4"],
						"3.0": [0, 0, "15+(-math.sin(query.anim_time*90*2-10)*1+1)*4"]
					}
				},
				"arm_right": {
					"rotation": {
						"0.0": [0, 0, "-15-4*(-math.sin(query.anim_time*90*2-10)*1+1)"],
						"0.55": [25.65416, -33.75103, "-24.6009-4*(-math.sin(query.anim_time*90*2-10)*1+1)"],
						"1.0": [-7.5, 0, "35-4*(-math.sin(query.anim_time*90*2-10)*1+1)"],
						"2.5": [-0.67, -6.95, 15.53],
						"2.8": [25.65416, -33.75103, "-24.6009-4*(-math.sin(query.anim_time*90*2-10)*1+1)"],
						"3.0": [0, 0, "-15-4*(-math.sin(query.anim_time*90*2-10)*1+1)"]
					}
				},
				"leg_left": {
					"rotation": {
						"0.0": ["-(math.sin(q.anim_time*90*2)*1-1)*4", 0, 0],
						"0.55": ["-2.5-(math.sin(q.anim_time*90*2)*1-1)*4", 0, 0],
						"1.0": ["22.5-(math.sin(q.anim_time*90*2)*1-1)*4", 0, 0],
						"2.5": ["22.5-(math.sin(q.anim_time*90*2)*1-1)*4", 0, 0],
						"2.8": ["-2.5-(math.sin(q.anim_time*90*2)*1-1)*4", 0, 0],
						"3.0": ["-(math.sin(q.anim_time*90*2)*1-1)*4", 0, 0]
					},
					"position": {
						"0.0": [0, "0.65-math.sin(q.anim_time*90*2-90)*0.25", "(math.sin(q.anim_time*90*2-90)*1+1)*0.1"],
						"0.55": [0, 1.21, -1.48],
						"1.0": [0, "2.65-math.sin(q.anim_time*90*2-90)*0.25", "-1.7+(math.sin(q.anim_time*90*2-90)*1+1)*0.1"],
						"2.5": [0, 2.08, -1.53],
						"2.8": [0, 1.21, -0.48],
						"3.0": [0, "0.65-math.sin(q.anim_time*90*2-90)*0.25", "(math.sin(q.anim_time*90*2-90)*1+1)*0.1"]
					}
				},
				"foot_left": {
					"rotation": {
						"0.0": ["12.5+math.sin(q.anim_time*90*2+90)*4", 0, 2.5],
						"0.55": [34.46431, 6.16519, 1.5155],
						"1.0": ["45+math.sin(q.anim_time*90*2+90)*4", 0, 5],
						"2.5": ["46.1309+math.sin(q.anim_time*90*2+90)*4", 12.33038, 0.531],
						"2.8": [34.46431, 6.16519, 1.5155],
						"3.0": ["12.5+math.sin(q.anim_time*90*2+90)*4", 0, 2.5]
					},
					"position": {
						"0.0": [0, "(math.sin(q.anim_time*90*2-90)*1+1)*0.1", 0],
						"2.5": [0, "(math.sin(q.anim_time*90*2-90)*1+1)*0.1", 0],
						"3.0": [0, "(math.sin(q.anim_time*90*2-90)*1+1)*0.1", 0]
					}
				},
				"foot_left2": {
					"rotation": {
						"0.0": ["-17.5-math.sin(q.anim_time*90*2+90)*4", 0, 0],
						"0.55": ["-30-math.sin(q.anim_time*90*2+90)*4", 0, 0],
						"1.0": ["-45-math.sin(q.anim_time*90*2+90)*4", 0, 0],
						"2.5": ["-45-math.sin(q.anim_time*90*2+90)*4", 0, 0],
						"2.8": ["-40.0883-math.sin(q.anim_time*90*2+90)*4", 1.24674, -1.21933],
						"3.0": ["-17.5-math.sin(q.anim_time*90*2+90)*4", 0, 0]
					}
				},
				"leg_right": {
					"rotation": {
						"0.0": ["-(math.sin(q.anim_time*90*2)*1-1)*4", 0, 0],
						"0.55": ["2.5-(math.sin(q.anim_time*90*2)*1-1)*4", 0, 0],
						"1.0": ["17.5294-(math.sin(q.anim_time*90*2)*1-1)*4", -4.95357, -0.68063],
						"2.5": ["17.5294-(math.sin(q.anim_time*90*2)*1-1)*4", -4.95357, -0.68063],
						"2.8": ["2.5-(math.sin(q.anim_time*90*2)*1-1)*4", 0, 0],
						"3.0": ["-(math.sin(q.anim_time*90*2)*1-1)*4", 0, 0]
					},
					"position": {
						"0.0": [0, "0.65-math.sin(q.anim_time*90*2-90)*0.25", "(math.sin(q.anim_time*90*2-90)*1+1)*0.1"],
						"0.55": [0, 1.21, -1.48],
						"1.0": [0, "2.65-math.sin(q.anim_time*90*2-90)*0.25", "-1.7+(math.sin(q.anim_time*90*2-90)*1+1)*0.1"],
						"2.5": [0, 2.08, -1.53],
						"2.8": [0, 1.21, -0.48],
						"3.0": [0, "0.65-math.sin(q.anim_time*90*2-90)*0.25", "(math.sin(q.anim_time*90*2-90)*1+1)*0.1"]
					}
				},