{
	"format_version": "1.8.0",
	"animations": {
		"animation.milotic_easter.ground_idle": {
			"loop": true,
			"bones": {
				"body": {
					"rotation": [90, 0, 0],
					"position": [0, -29, 0]
				},
				"body_up": {
					"rotation": [-23.00275, 9.27722, 47.96317],
					"position": [5, 0, 0]
				},
				"body_up2": {
					"rotation": [-54.89963, -20.94361, 6.99633],
					"position": [0, 0, 0]
				},
				"body_up3": {
					"rotation": [-10.03727, 7.92756, 1.18487]
				},
				"body_up4": {
					"rotation": [-3.73925, 14.46687, -6.02858]
				},
				"head": {
					"rotation": [8.24166, 29.6676, 8.79547]
				},
				"hair_right": {
					"rotation": [0, 0, 7.5]
				},
				"hair_left": {
					"rotation": [0, 0, -10]
				},
				"body_down": {
					"rotation": [0, 0, 97.5],
					"position": [5, 0, 0]
				},
				"body_down2": {
					"rotation": [0, 0, -85],
					"position": [0, 0, 0]
				},
				"body_down3": {
					"rotation": [14.33501, 4.46375, -74.43839],
					"position": [0, -1, 0]
				},
				"body_down4": {
					"rotation": [19.37006, -5.07855, -48.36728],
					"position": [0, 0, 0]
				},
				"body_down5": {
					"rotation": [3.63651, 16.25697, 2.43162],
					"position": [0, 0, 0]
				},
				"body_down6": {
					"rotation": [17.16368, -5.82644, 40.11796],
					"position": [0, 0, 0]
				},
				"body_down7": {
					"rotation": [-41.22555, 61.8878, -40.46577],
					"position": [0, 0, 0]
				}
			}
		},
		"animation.milotic_easter.ground_walk": {
			"loop": true,
			"bones": {
				"body": {
					"rotation": [90, 0, 0],
					"position": [0, -29, 0]
				},
				"body_up": {
					"rotation": [-23.00275, 9.27722, 47.96317],
					"position": [5, 0, 0]
				},
				"body_up2": {
					"rotation": [-54.89963, -20.94361, 6.99633],
					"position": [0, 0, 0]
				},
				"body_up3": {
					"rotation": [-10.03727, 7.92756, 1.18487]
				},
				"body_up4": {
					"rotation": [-3.73925, 14.46687, -6.02858]
				},
				"head": {
					"rotation": [8.24166, 29.6676, 8.79547]
				},
				"hair_right": {
					"rotation": [0, 0, 7.5]
				},
				"hair_left": {
					"rotation": [0, 0, -10]
				},
				"body_down": {
					"rotation": [0, 0, 97.5],
					"position": [5, 0, 0]
				},
				"body_down2": {
					"rotation": [0, 0, -85],
					"position": [0, 0, 0]
				},
				"body_down3": {
					"rotation": [14.33501, 4.46375, -74.43839],
					"position": [0, -1, 0]
				},
				"body_down4": {
					"rotation": [19.37006, -5.07855, -48.36728],
					"position": [0, 0, 0]
				},
				"body_down5": {
					"rotation": [3.63651, 16.25697, 2.43162],
					"position": [0, 0, 0]
				},
				"body_down6": {
					"rotation": [17.16368, -5.82644, 40.11796],
					"position": [0, 0, 0]
				},
				"body_down7": {
					"rotation": [-41.22555, 61.8878, -40.46577],
					"position": [0, 0, 0]
				}
			}
		}
	}
}